AUV X [m],AUV Y [m],AUV Z [m],AUV Heading [Degrees],Time Stamp [s]
0.4262382088714552,0.34017582690446274,3.5193990417400527,177.41256622139977,0.6
0.4252390750206091,0.33868195960398073,3.52362285694525,177.2894773722444,0.8
0.4270902106688184,0.3352174377152297,3.5156953518672753,177.64332328987084,0.9
0.42666688743153247,0.3360767695693684,3.508591559123924,177.2315294857517,1.0
0.42657497452581233,0.33373004559339065,3.5136673202020887,177.32146660812958,1.1
0.4275580456177978,0.3316693342595789,3.5104236266313005,177.47647869376272,1.2
0.42693606325956573,0.3310649137735656,3.5143395814572926,177.36623775785708,1.3
0.42680059280777594,0.330536698400154,3.51535160365687,177.3081501084128,1.4
0.42678348471892696,0.33047483532514194,3.513964145805817,177.23820896508562,1.5
0.42660134624599266,0.3303971775509946,3.515031534617323,177.19114008966625,1.6
0.4266524266609834,0.3299172948982477,3.5126537523713233,177.09143952195816,1.7
0.4273563449307919,0.3290822072765914,3.5096306677891556,177.169420442929,1.8
0.4269043163705718,0.3295707468087789,3.513166175043767,177.06886470060542,1.9
0.4271987153306906,0.3296283133454153,3.5152605941211403,177.17363396709737,2.0
0.4273724674649092,0.33161459653301384,3.511943333937379,177.0576518910394,2.1
0.42713912956552946,0.3333619149452547,3.513640981406392,176.9904016675538,2.2
0.42774410052031386,0.33440792072965325,3.512559718106311,177.0983206690144,2.3
0.4280259325221964,0.3362150115172976,3.510352370462505,177.07444163094593,2.4
0.42792213274715196,0.33726638608923165,3.513895352769814,177.0874185379597,2.5
0.42824574204403876,0.3377940389258584,3.514424891317625,177.1583668312116,2.6
0.429157017384538,0.33717297398580537,3.512789075208521,177.36368696294497,2.7
0.42899698825457777,0.33759546545388375,3.513918980041903,177.2779948619234,2.8
0.42993646273154607,0.33669786483612135,3.509201745467357,177.3767594232537,2.9
0.43074290474351995,0.33503256827326144,3.506592812412152,177.50224853065907,3.0
0.4314867327566442,0.332859682785958,3.5050603962449456,177.64848214675217,3.1
0.43208458631949503,0.33116909286956686,3.501486226608346,177.6872964561267,3.2
0.432109532363995,0.3301694741330492,3.499177133381695,177.56098614842202,3.3
0.43264917743517994,0.3281455328184714,3.497769959569802,177.630967406019,3.4
0.4339914544983953,0.3260580536495786,3.4914930340659835,177.80618158771873,3.5
0.43488890840402616,0.3249376719127348,3.486831134642119,177.87292421428018,3.6
0.4346807599057742,0.3248857425916986,3.4886563960544867,177.78056401318347,3.7
0.43536575863719695,0.32453680124697226,3.4859661604046637,177.86606366272932,3.8
0.4346256737031096,0.3262815953631852,3.488262628728692,177.6328216740377,3.9
0.4340601810216655,0.328558052445137,3.4881502443220875,177.40008198915643,4.0
0.4339386468155103,0.32993764579608775,3.4890327421868244,177.36017207355133,4.1
0.4335283251066694,0.33156322592181553,3.491791080580403,177.2925377699431,4.2
0.4341043656688541,0.332439918406496,3.489590301326955,177.40735447334865,4.3
0.43438486344045185,0.33337234846337777,3.488844845442588,177.4667069181322,4.4
0.4342156376769948,0.33481956015269304,3.48830410899795,177.37605513453624,4.5
0.43417976488773913,0.3353634095321642,3.4880129919857623,177.34481504167192,4.6
0.4343513071506754,0.33534616052715216,3.4864572874311284,177.33753492413436,4.7
0.4340797676066769,0.335273313261637,3.4870413669015483,177.2321872504151,4.8
0.43412224638389274,0.33388488624051355,3.4884300476716126,177.2688025982141,4.9
0.4344485613516952,0.33198626766941397,3.488700498492075,177.34737186369233,5.0
0.4339501474499926,0.33130689629590365,3.490430977081119,177.18160318136847,5.1
0.43452569437161037,0.329576572867263,3.488540248118274,177.2194017865134,5.2
0.43398234610172953,0.3290776597810714,3.4912362349576775,177.03067309798067,5.3
0.43339604106670215,0.32922433707444815,3.4926942533247898,176.79137517922268,5.4
0.4334379437196615,0.32849906385906263,3.494064543076914,176.77227283095516,5.5
0.43281731964934006,0.32950514812622655,3.496265902233071,176.5453068962408,5.6
0.43219826733925065,0.3302404038964966,3.5015509240513283,176.4253967587716,5.7
0.4318466676957001,0.33170310884582294,3.5033648405460354,176.28267705710022,5.8
0.4326588649944756,0.3323487565792645,3.5002132736649387,176.3833304959431,5.9
0.43298941013620834,0.3330957634450993,3.500648231955913,176.4528068163724,6.0
0.43398527906497997,0.33353147710353176,3.496594632867656,176.6125916071731,6.1
0.43412589917010813,0.33471634980972637,3.4952742868210187,176.5885144845148,6.2
0.43509659370836545,0.33470978900343024,3.4910266318002656,176.74465854512877,6.3
0.43582219160526775,0.3338962627509534,3.49016412146178,176.93491475405204,6.4
0.4359834572712895,0.33394432473104924,3.488630182573445,176.91351264394723,6.5
0.436605473293085,0.3326855326572077,3.4865402766101554,177.03970412732932,6.6
0.43747645875074026,0.3313218230706345,3.481829649683158,177.14435358384063,6.7
0.43811520436778134,0.32942800829851315,3.479623454582142,177.27649906688154,6.8
0.43821427254456474,0.3283652773045429,3.47816938553488,177.23851791713759,6.9
0.4380227681684305,0.3273578171961379,3.4795804233426786,177.17858753723536,7.0
0.43732307106324153,0.32744605839588176,3.481585580745559,176.95855232146675,7.1
0.43732202929733965,0.3266155749512657,3.4828496319658817,176.956989318188,7.2
0.43653133923823734,0.3264718042816254,3.489153908488958,176.8518461854248,7.3
0.4360029026302691,0.3273874137791595,3.490695468151646,176.6828750414661,7.4
0.43531653288608874,0.32841842216018996,3.494401246756083,176.53625013886227,7.5
0.43483904674459806,0.32988559469489886,3.496438547831116,176.38342499446952,7.6
0.43407613540880635,0.33158493131767053,3.500311848010432,176.20466583181408,7.7
0.43338062786027304,0.3331228361884875,3.5048705811357856,176.06156988186723,7.8
0.4332388994972495,0.33404539953544565,3.506659088738272,176.02671607993574,7.9
0.4328520995857398,0.33499377831727434,3.506391792955781,175.96218688468633,8.0
0.4338471802093472,0.33297291347058,3.503804742377496,176.1774574562284,8.1
0.4340559527715312,0.33320036314349605,3.501162649850656,176.12576363860165,8.2
0.43493278279705744,0.33244145523390917,3.496375197529175,176.2221150879462,8.3
0.4355559226824296,0.3307350507428806,3.4960288418228087,176.36970736371168,8.4
0.4350297758976879,0.32812480396639304,3.4959427674844483,176.5215831258833,8.5
0.43509857007203667,0.32681691999907503,3.4938034286210202,176.5726239182436,8.6
0.437155127008479,0.32171999774630394,3.485979267645308,176.8794687292089,8.7
0.43941464297476757,0.3158423289303315,3.478837574128805,159.24193834334912,8.8
0.4397835306641783,0.31504153840027566,3.475266713601992,159.2338004417554,8.9
0.4403890625599258,0.3148037124642634,3.4718770536776353,159.2377890685577,9.0
0.44027505107361076,0.3160191287219621,3.4735906266744534,159.17316763271126,9.1
0.44058862068911814,0.312966269873561,3.4762649782792705,159.2720748842367,9.2
0.4398175849441962,0.3139398659972471,3.477563188709307,159.1334413739503,9.3
0.438713171203014,0.3157585837356704,3.4774168148360816,159.04733114199138,9.4
0.44022520325413145,0.31846623158873505,3.4732590071790597,158.922630526835,9.5
0.4392722308579192,0.320570407231557,3.475770221448799,158.8482537279617,9.6
0.4381505059991186,0.3246031760571196,3.4808582619267567,158.67390499959276,9.7
0.43769830193937886,0.3254290200140673,3.481415633447835,158.63327067269674,9.8
0.4377122427248949,0.3252558375037527,3.4856614902039276,158.67981834673213,9.9
0.43827109290565963,0.3241329698759497,3.4874155728248106,158.79590288609376,10.0
0.43665757928657156,0.32397168122665476,3.4899287595923587,158.68483932500723,10.1
0.43680507210744934,0.3257414864834552,3.48687500891376,158.59669577390824,10.2
0.43780260334481513,0.3240463234909662,3.4833353538319853,158.6861856610829,10.3
0.44035214090111746,0.32135564957156315,3.476254548088909,158.74218406965412,10.4
0.4404645865597391,0.3192782935688919,3.477004709397639,158.73732814605046,10.5
0.44309323177895343,0.3166605667229002,3.470501058042757,158.86061585244815,10.6
0.44371541042089985,0.31345459895731537,3.468315774404119,158.97352585988588,10.7
0.44235226316251686,0.32105747147383673,3.4748792763092498,176.64023964900397,10.8
0.4415727643809304,0.330889496801136,3.4743191687215074,176.50086528767935,10.9
0.4465205441336078,0.347018163802267,3.4664414867019944,158.5560754291443,11.0
0.4467377660556423,0.37995011900189757,3.4581137005105234,158.23718918994413,11.1
0.4449162335865364,0.42220536612360926,3.4593504590003015,157.79146350434087,11.2
0.4469415149999736,0.46229431195012644,3.465118146645672,157.78396668555007,11.3
0.44699536530420436,0.5092562730708668,3.4762805727239963,157.692850897393,11.4
0.44441020911975515,0.5635055279478581,3.4872788010480065,157.4226031342857,11.5
0.4426416511405654,0.6254129549730043,3.492741241794698,156.92431412495978,11.6
0.441083723275268,0.6906492098735174,3.494117485692459,156.25963949299762,11.7
0.4402140104416706,0.749305406189386,3.491074365217923,155.85139201037333,11.8
0.4425058844425623,0.7924271243861069,3.490235657471812,155.91041610710948,11.9
0.4359923726825429,0.8347805824621662,3.494196333143628,173.28169069114807,12.0
0.4353693596285133,0.8573530313692377,3.4959621614102665,173.23567261504041,12.1
0.43423794911682717,0.8682257068416451,3.4936650671710474,173.2604522292844,12.2
0.4292583756910665,0.8768802619779013,3.4851448726368988,172.91185133057107,12.3
0.42519582630662944,0.8749671707877754,3.4724990488731984,172.6209021501365,12.4
0.4274600898278541,0.8549680261172405,3.454720434140122,172.9219971586761,12.5
0.42544253913719243,0.8293801480913052,3.442893449994395,173.09289924721568,12.6
0.42287679208880447,0.799989288485526,3.4335704239933413,173.22442788870654,12.7
0.4219051922592506,0.7665534200283157,3.419258461294009,173.47612960875128,12.8
0.4186952949248375,0.7406672606910419,3.4049084733148325,173.1911644750599,12.9
0.416016110212211,0.7031969241917311,3.4043072591691876,173.48638930771307,13.0
0.41407630337450224,0.6676044714450378,3.4040353912680588,173.6545074165576,13.1
0.4126060783655531,0.6336634574006457,3.40369526784108,173.86531154689985,13.2
0.4114850741064015,0.6035357170165174,3.4027114418902196,174.0271111945978,13.3
0.41032743689780826,0.5772100031493526,3.4052824414137994,174.0712853922812,13.4
0.40635999637085574,0.5603384969647456,3.4087296679620622,173.8844707852285,13.5
0.4052790501001763,0.539637840538495,3.4146621230810488,173.96503055093473,13.6
0.4051885485627128,0.5202900149879092,3.4159154501752282,174.16058785766398,13.7
0.4040952318135994,0.5039388090511805,3.4185064557216713,174.16818426849954,13.8
0.40230198437760284,0.4876955135092961,3.4240142549432213,174.10852049137765,13.9
0.40273930140789255,0.475173683603741,3.420278409534857,173.98883810336108,14.0
0.40362522578067406,0.45940477041390215,3.414911126500287,174.18056315323167,14.1
0.40402893119140676,0.44305959971474884,3.411752888437989,174.21339777841197,14.2
0.4046570490713705,0.42472840288359404,3.4068862921805163,174.25353870198728,14.3
0.4054073387661224,0.40406122209410533,3.400150921287589,174.4733720648675,14.4
0.40560500005367367,0.38175332727467487,3.3973411860592018,174.57558280468783,14.5
0.40562210700884666,0.3588339836536835,3.394353171355865,174.72851155778557,14.6
0.4052253071454189,0.3367565920419467,3.391057697866851,174.74245559537945,14.7
0.4048143546975373,0.3140250894728101,3.3895537158459312,174.87419658314377,14.8
0.4041880172047582,0.2919197181846246,3.3886458882837487,175.1571726879178,14.9
0.40366607463916404,0.27202146016845996,3.384877701173063,175.35441652120863,15.0
0.4028903462614249,0.25464514338733724,3.38284334016213,175.40194585240087,15.1
0.4027268842652412,0.23935861297667554,3.37490032694134,175.472708518737,15.2
0.40240046965884335,0.22562284291373577,3.3697671559882245,175.56460345515407,15.3
0.40218797416831975,0.21312372278774463,3.366223848525975,175.67931628254883,15.4
0.4024006340154502,0.20196745075619252,3.35943159152435,175.80152367367572,15.5
0.4036444387900356,0.19173332322326278,3.348292103371576,176.00135265281938,15.6
0.40488679006177825,0.1811238552593766,3.341187622967285,176.26509652715507,15.7
0.40620709296969526,0.1701090280429132,3.3369891547403583,176.54373451138719,15.8
0.4078550225428083,0.1597480756106632,3.3290245852949254,176.76661923777618,15.9
0.4095960061415392,0.14842896505318887,3.325244102758229,177.0425995672739,16.0
0.41190079859475287,0.13701510614557766,3.3211301785048613,177.33388808223407,16.1
0.41476232550213527,0.12528909765077084,3.3188246159311454,177.69759377799278,16.2
0.4169202761180958,0.11441883962121299,3.3187057831269042,177.96164430715723,16.3
0.4193384746961021,0.1046786554372364,3.31805138611371,178.20243865625082,16.4
0.42242299920469567,0.095845674625511,3.3172232965879744,178.50448861184688,16.5
0.4249138138476557,0.08845616872917703,3.320563578786177,178.74553087753924,16.6
0.4279683010077811,0.08333948410814998,3.319668713134894,178.98729310407117,16.7
0.43089536435629644,0.08009527611477955,3.3197086932377275,179.199687363575,16.8
0.43484706199449324,0.0780432687845803,3.3194168959820374,143.54407869837922,16.9
0.43817094038534715,0.07959917411856092,3.3157969242761753,107.76930646719964,17.0
0.44045957749415277,0.08436678065414557,3.313471593523725,71.90479414633307,17.1
0.44234914973317363,0.09106254473443039,3.315652812853279,36.10118762419338,17.2
0.4437801219230483,0.09979075238524635,3.319975711366036,0.30290062804233175,17.3
0.44495872855537916,0.11018865851450843,3.3228748287959933,-35.4779542562632,17.4
0.44608187800845067,0.12138169170446445,3.3237625034251828,-71.21243853217486,17.5
0.4460409174241966,0.13257318556081177,3.328567270581445,-107.00625538100516,17.6
0.44508365676092365,0.14362207044034295,3.3346986623619466,-142.88925706932866,17.7
0.444922962725006,0.1536163534457597,3.3371808885817336,-178.6203222524398,17.8
0.4433526562233793,0.163408780813472,3.341576840696485,-178.4908476981863,17.9
0.4417860053126822,0.1711178395980467,3.350012772658283,-178.2911651031339,18.0
0.4418700318531661,0.17729166408084346,3.351013783542309,-177.9235530027292,18.1
0.4412076070947541,0.18297293200710657,3.3511344352309704,-177.6887657954797,18.2
0.44153974230584153,0.18762675751929317,3.348387791370601,-177.34999831998084,18.3
0.44011795899891215,0.1928941571686919,3.3518002239556592,-177.24878389614014,18.4
0.43856018315523543,0.19840415681618023,3.357567940864803,-177.15568535860555,18.5
0.43842706412563465,0.20446034354003237,3.357899973284968,-176.90830308721803,18.6
0.4388232309428776,0.2107823507141806,3.3603808328330187,-176.54102486469804,18.7
0.4375852326358484,0.2203287982412327,3.363429564364914,-176.54792216851544,18.8
0.4377931830161699,0.22942401333414048,3.3635892841388197,-176.30722427283143,18.9
0.4379247038719611,0.23908209255182836,3.3651820321218437,-176.11666630949074,19.0
0.4364670461511361,0.2496438456346234,3.3709971099151517,-176.20509766780182,19.1
0.43561576074209746,0.25999694690761554,3.373476779549411,-176.2959973307179,19.2
0.43452235535143824,0.26947740644243745,3.37933935603822,-176.42492729929847,19.3
0.4348941453403324,0.2775162531525739,3.3799504655141144,-176.41318112178266,19.4
0.43490601986093225,0.28522747041597485,3.3800022529181932,-176.51731602053997,19.5
0.4346223177880919,0.2917193048358081,3.383096648842421,-176.60432014823348,19.6
0.4350231800509299,0.29729337007211915,3.3821181500033433,-176.59842561741362,19.7
0.43527576511784594,0.3018643100554998,3.3857210558571453,-176.51520241851955,19.8
0.4341104910918318,0.3081610328561318,3.3897853208360784,-176.74938776687867,19.9
0.43307594702028485,0.3140346962094954,3.3939686476993174,-176.86254624628765,20.0
0.43191639493496836,0.31955933670961095,3.4000039769944856,-176.89576157798726,20.1
0.4302754801751413,0.3248495827384982,3.4090292455037114,-176.88163909769315,20.2
0.429332553394467,0.3303368042137559,3.4093208308567613,-176.7933221282824,20.3
0.4279967701798261,0.3357247107110152,3.4102784260165384,-176.6943019213797,20.4
0.42604972695755894,0.34205980653862655,3.4113767017438916,-176.75380596083025,20.5
0.4238734477201511,0.3485775909664153,3.410898094374216,-176.78718505912724,20.6
0.4192791816185723,0.35894774210163793,3.411979576854489,-177.06299950026445,20.7
0.41447048298439004,0.3725592227793923,3.4114337431743884,-177.3056303969738,20.8
0.4110839706586356,0.3887029750747847,3.4093800244632035,-177.32970527099496,20.9
0.40732185570549023,0.4093812334955086,3.403640197399889,-177.41727725848887,21.0
0.40275136384202986,0.43377007008035784,3.3979437620976816,-177.49182788126822,21.1
0.3964444636969925,0.4618966107301176,3.3928654265140374,-159.71012669467044,21.2
0.39081073700878155,0.492310073340568,3.3923837425276515,-142.03338096574012,21.3
0.38512452912999956,0.5219112052716823,3.3899520866559465,-142.22333486072608,21.4
0.38022308046717707,0.5483666652237643,3.3869457026592817,-142.22514852161208,21.5
0.376066023280937,0.5713417340457789,3.3827535196127245,-124.42950717329188,21.6
0.3740315987489842,0.5840465554721852,3.377832760888656,-124.4138831244019,21.7
0.37241658642684394,0.5859768234370591,3.372425655103176,-124.39050103727016,21.8
0.37138797917147087,0.5741637541507653,3.373178635178275,-124.48181627818789,21.9
0.37270522163571085,0.548746167709514,3.3727391713159944,-124.41742894926418,22.0
0.3764910223189067,0.5117576530234013,3.371516955989722,-124.27635312786353,22.1
0.3822694644588652,0.4666777893367106,3.368700486011625,-142.16170533326218,22.2
0.38781547840974867,0.4157748960245618,3.3672403948199268,-159.9306733362894,22.3
0.39499129630540686,0.36443223768537425,3.3658802346756884,-159.71442264126273,22.4
0.40274477155917515,0.31587148315069546,3.364581545412077,-159.41312056362963,22.5
0.40880496079597667,0.2740794637863504,3.3691553176575573,-177.13920656621193,22.6
0.41418615009658294,0.24328511951204787,3.3750340129178484,-177.03517099727867,22.7
0.42020041853313367,0.2232663320113406,3.3786657672596556,-176.83605790201037,22.8
0.42490630636004945,0.21644404313882873,3.379273219087549,-176.47951899767517,22.9
0.4278911047498137,0.22206414356308296,3.3807985752131415,-176.26373076074898,23.0
0.4301689106343477,0.23831609256627911,3.380601689262311,-176.0569996049596,23.1
0.43144228339652957,0.2600479417768312,3.3814614624074837,-175.7441921372686,23.2
0.4318913742016264,0.2853765079746192,3.3794534299364556,-175.55884956424802,23.3
0.43314897928094986,0.3095483276376877,3.379049866505936,-175.26845955407356,23.4
0.4338479350903496,0.3293137747292141,3.3803728605100423,-174.97932208711168,23.5
0.43562747763145004,0.34408084481930656,3.3790861235763545,-174.6527467594529,23.6
0.43796876056510714,0.3522072920453311,3.3801033481309672,-174.2328348613401,23.7
0.4409016205636445,0.35416398441776104,3.381063808512889,-173.73933935668373,23.8
0.44374379769524686,0.3515311047287709,3.382536372759072,-173.30900421175656,23.9
0.44595598508440293,0.34574322297340077,3.385665604699889,-172.9984186289868,24.0
0.4478536277454143,0.33603356727778416,3.389904517537645,-172.55601589280843,24.1
0.4498182020147867,0.3259335546644217,3.3956581809044346,-172.1102033346944,24.2
0.4519097984432297,0.31626834448386965,3.3988406624919216,-171.4906842157397,24.3
0.45167767334098086,0.30935788479996773,3.4015608925237126,-170.99936373032716,24.4
0.4501423493902708,0.30764935421219536,3.4039265851321554,-170.7755742779007,24.5
0.45062535414196514,0.30994142222631244,3.394471669811236,-170.31207000656758,24.6
0.45048072703426073,0.31348525696123375,3.386138717741916,-169.7928583489734,24.7
0.45037861876040325,0.31861425324009834,3.3737789436323906,-169.27764455890477,24.8
0.4476347482602173,0.32230272329034243,3.3712739527284845,-168.97200445782215,24.9
0.445375536929386,0.32550604480695267,3.3677734035081874,-168.66804281637053,25.0
0.4435040203018775,0.32742894077518986,3.364556078870856,-168.38824045402052,25.1
0.44278603840499553,0.3273324602961388,3.360277736346544,-168.0264445526381,25.2
0.4427727548715777,0.3254968729386614,3.3581241778102005,-167.659058792857,25.3
0.44292499420671066,0.3232059738996498,3.355592370004119,-167.4426301321104,25.4
0.44361092855093753,0.31965430398595274,3.3542016903928213,-167.15053445556933,25.5
0.44222267731993564,0.31345428757976823,3.3652235825912102,-166.92648834017615,25.6
0.44155739890399426,0.30839587367459786,3.3710583452836573,-166.7161272738719,25.7
0.44214491788801064,0.3072052154108272,3.3707803406906676,-166.57472374120263,25.8
0.4448232596037605,0.30913305476884556,3.3614160111497142,-166.33103916395766,25.9
0.4471972680886617,0.31017103368016574,3.354975414402014,-165.89643356147985,26.0
0.44865912104773403,0.3129784492351723,3.3488279965002503,-165.64471010258873,26.1
0.4497914434344585,0.3167159792101847,3.3429359417667306,-165.46379353188095,26.2
0.4501145786054822,0.3215874126087641,3.338255937617904,-165.44142808535622,26.3
0.45149102892781706,0.32624196126620053,3.331569017810375,-165.2875899213829,26.4
0.4539689970224008,0.3301523926064115,3.321107211600483,-165.01566069650994,26.5
0.4539886918387963,0.33223536981278273,3.317958495160462,-165.08701894131107,26.6
0.45356069645457575,0.3329826114863331,3.3210916345104557,-165.1778399676165,26.7
0.4513698374111497,0.3301186048643029,3.3332353130812633,-165.33674384670422,26.8
0.4492544439312381,0.3269188195608305,3.345003254541114,-165.52625673250415,26.9
0.4477660919931636,0.3243802515404809,3.3545259784783523,-165.74328088068108,27.0
0.4463506552488215,0.3221756127128071,3.363401492931748,-165.9890278545692,27.1
0.44491118308274047,0.3203898527129957,3.369510159099872,-166.24623640443042,27.2
0.4433702861207661,0.31793912026631077,3.3787062656109432,-166.37406782043126,27.3
0.4433029994256633,0.3185633395270032,3.37704532080208,-166.4631646229298,27.4
0.44244623403380723,0.3195866537313683,3.375475798312864,-166.6290571763322,27.5
0.4437035450007537,0.32231664346560285,3.3672388577804737,-166.54602339047867,27.6
0.444541644782952,0.32633804794013327,3.355519264775476,-166.59383873144296,27.7
0.4452255203556274,0.3295012650388611,3.345804768698934,-166.51511883354556,27.8
0.4459249645915982,0.33281553667606223,3.3351507505511853,-166.42725469617295,27.9
0.44617146215379766,0.33730965579180916,3.322776330779459,-166.5205494955033,28.0
0.4465247766982068,0.34108943260942115,3.313094486345438,-166.52558287004405,28.1
0.4472584049710102,0.3445656912357646,3.3024223499251577,-166.53435373905467,28.2
0.44743304903592784,0.3479249500006352,3.2916037522555412,-166.6502470512624,28.3
0.4428762685719426,0.3470839925220829,3.3020353593965046,-167.1227333008797,28.4
0.43947318938432745,0.34441892526438134,3.3118923259923037,-167.31216204721935,28.5
0.43549230578355524,0.3436091617144852,3.3189429479329164,-167.79205262896443,28.6
0.4317771443915451,0.34150536773566514,3.3303723060084196,-168.10601363668087,28.7
0.4285224765159669,0.3397701952453426,3.339123207788365,-168.43328122828697,28.8
0.42561499308014267,0.3378624607169821,3.346108387289886,-168.7207456830747,28.9
0.4222093545940851,0.3359319725952293,3.357854655570472,-169.03484808918932,29.0
0.4188656099982281,0.3341031772800681,3.368648822837462,-169.34619614543985,29.1
0.4160191832980879,0.3318424652675822,3.3770584979916833,-169.5004646599328,29.2
0.4135623895887698,0.3308848915251087,3.3831237976575843,-169.72408317618505,29.3
0.415383016013161,0.33334278160999187,3.3746666030280723,-169.65366438400375,29.4
0.4162491149131344,0.33737714777289096,3.368275697024317,-169.79703576155137,29.5
0.41816497788176354,0.3402564112678185,3.3608773862134207,-169.65746711280426,29.6
0.4198712050560678,0.3445258942310981,3.351333926690151,-169.67799786371512,29.7
0.42147734529963754,0.3486438133849899,3.3421722186528653,-169.6889382829487,29.8
0.42253247747829786,0.35304914969015067,3.337130296712085,-169.783413050347,29.9
0.42445420856606947,0.35669707976878795,3.32642776967273,-169.72428276097952,30.0
0.4261281455550113,0.3602113534424929,3.318471233237436,-169.72664798916048,30.1
0.42710523761859986,0.36364812295407767,3.31398693880456,-169.8246773076125,30.2
0.4282187992760644,0.3665202371563459,3.309504511721329,-169.88395444494537,30.3
0.4276339105650009,0.3684113695877552,3.3085178179958064,-170.0896142526078,30.4
0.42736146610601045,0.36918587103242706,3.3100258381780057,-170.17570334420355,30.5
0.42666407678205226,0.3705173373212716,3.311729644993111,-170.38341853806827,30.6
0.42640053439371767,0.3703290445212267,3.3121028122863776,-170.39280404836433,30.7
0.4249811620961081,0.37094487778746804,3.3166037535091193,-170.55042759387524,30.8
0.42345829230387455,0.3715508298242086,3.3193867120684275,-170.67894834825913,30.9
0.42020654285925296,0.37221325962480956,3.328096048354604,-170.89556325617292,31.0
0.4174965247712351,0.3738545193680186,3.331418643033037,-171.08326807773605,31.1
0.4148193284306904,0.37626330435146416,3.333565638424118,-171.27702922671406,31.2
0.41208606577244355,0.37880174394153715,3.3371277425633155,-171.4682656609727,31.3
0.4094631024746628,0.3798230390189167,3.342355725037767,-171.47330844250374,31.4
0.4061452826491351,0.38221607319268397,3.346523698499064,-171.69667548045038,31.5
0.4033902934261359,0.38393500988072815,3.350100379896881,-171.80081967126915,31.6
0.40097054712257607,0.38608878739390884,3.353087813239122,-171.9176445683478,31.7
0.39942350043822383,0.3877333859091533,3.3557720718134525,-171.95369920243888,31.8
0.398272641906047,0.3885973139799882,3.358681508065556,-171.93467931615197,31.9
0.3992887259720645,0.3897650798773983,3.3538941430735654,-171.8264362013037,32.0
0.39978531154369873,0.38976802900333407,3.3544669883482876,-171.7407643915373,32.1
0.4006059849479161,0.3893630675667543,3.355127330766142,-171.6320867381195,32.2
0.4019418398533503,0.3884953312953634,3.3563287740961085,-171.46887158016062,32.3
0.40230203948453713,0.3885797709640551,3.3577540761585447,-171.49149604791683,32.4
0.4036553340806536,0.38799798487040715,3.3573502345636577,-171.370202370166,32.5
0.4050616875662037,0.38712086916954475,3.3563404351552473,-171.13262326204494,32.6
0.40611606095857644,0.38669170919521634,3.357109398961213,-170.9988593864183,32.7
0.40710742692610696,0.3864140096909476,3.3567857801300263,-170.84566011392891,32.8
0.4081150111767869,0.3871438970877654,3.354918598997559,-170.72232634636828,32.9
0.4079593400738042,0.3877278417764984,3.3589329027407815,-170.66675394931545,33.0
0.4084063621149454,0.3884916033301678,3.3607921944001027,-170.55179074110646,33.1
0.40905933113689563,0.38959031050300374,3.360420065013275,-170.42028618640856,33.2
0.4093071089581102,0.3908949154718996,3.357412905969624,-170.31975650773637,33.3
0.4102249015784504,0.391118941849433,3.3556003704705177,-170.09644619722894,33.4
0.4110870742919005,0.39143731975471885,3.3534838891243104,-169.90715296709763,33.5
0.4116451368745972,0.3909774588627447,3.3562853845009863,-169.8431798719817,33.6
0.4120974405171348,0.3905028710962689,3.357601508121108,-169.79675412921227,33.7
0.41254077713454584,0.39027965258819874,3.3569334033157032,-169.8114954113982,33.8
0.4131473648099706,0.3890186439778198,3.356806516802712,-169.80152274701396,33.9
0.4146862701784939,0.38763126349852756,3.3526511519937707,-169.7945086894294,34.0
0.41623100783188977,0.38550456735219685,3.347377958070033,-169.71475333368477,34.1
0.41732273024265043,0.3825095577271761,3.347444007449725,-169.68489936410566,34.2
0.4195044788440171,0.3792380955661219,3.347002905686648,-169.56906301000396,34.3
0.4218569822788343,0.37682307851392677,3.345455738481461,-169.55726120383991,34.4
0.4242666909936917,0.3740274515720909,3.3439192141528644,-169.45724430131855,34.5
0.426134894056316,0.37250795932165925,3.341122340169427,-169.4596299981783,34.6
0.42824798425155775,0.3706416338609624,3.3378834611674186,-169.37802033686964,34.7
0.43027547643208636,0.368722781271142,3.3364557277422136,-169.2729570355421,34.8
0.43167692091820686,0.3677949403412442,3.3358963239626744,-169.2777382215966,34.9
0.432894203147545,0.3664473732928295,3.3377863698656127,-169.18950206978252,35.0
0.43354612004182724,0.3665476934325131,3.3381307214110834,-169.27221075531693,35.1
0.43473979491097436,0.36674720353205525,3.337003538366806,-169.27953458155355,35.2
0.4357078083575763,0.36695693881696184,3.3343479761926824,-169.3114374911833,35.3
0.4367871874004442,0.36622044860379527,3.3332946797461154,-169.23322227093303,35.4
0.4379847540487454,0.36611967344413976,3.330205488695447,-169.2552617934304,35.5
0.43782450481277885,0.36313181160953595,3.3340308567518333,-169.25493773377704,35.6
0.43706488008934785,0.36058889022025176,3.3405873612833785,-169.44303666011643,35.7
0.4373393211029632,0.3570973325657884,3.344160902206943,-169.52536830113525,35.8
0.43951584216587525,0.3538543604790256,3.349501012294482,-169.6662625727011,35.9
0.4478551842677304,0.34895235482266773,3.3506879576962896,-169.65782230961287,36.0
0.4631247066977989,0.35250190442582013,3.3495753334453013,-170.0201265534782,36.1
0.4811044074826253,0.3565864915911079,3.3553505664398626,-170.32672087409054,36.2
0.500613554960815,0.36379217413443476,3.366399022147431,-170.7187966845601,36.3
0.5206915102790994,0.375492114095571,3.380344672954204,-171.1922449480613,36.4
0.5371271868945469,0.3916236549337957,3.3984323743826366,-171.71036803033294,36.5
0.5491407697192382,0.41705261366428914,3.4048038353468884,-172.26247444172617,36.6
0.5577371379246386,0.44141791038772,3.403612995986954,-172.48280953860345,36.7
0.5554955235451047,0.47516283174632507,3.416251878946595,-173.03724771154035,36.8
0.548314958485708,0.5118152401781074,3.4274829216782705,-173.29378257879762,36.9
0.5298282560082015,0.5540329387392745,3.4447452265131604,-173.75394752255534,37.0
0.4982863722114832,0.594637174081819,3.459293893053844,-174.1305350342565,37.1
0.46560601172038574,0.6328824479134988,3.4523797564528707,-174.30237812569493,37.2
0.4260587958613784,0.6712799091618132,3.4553012250376005,-174.3005529476005,37.3
0.38427156054498685,0.7064113536255284,3.4533481033503124,-174.22650400852814,37.4
0.3444543745027302,0.7371216233873813,3.449538431942847,-174.0699134224809,37.5
0.310510741841362,0.7611728790467742,3.447664077615736,-173.74157027626677,37.6
0.2797680415762953,0.7868089445365503,3.453385992471823,-173.6097857992062,37.7
0.2599644806840793,0.8043983800809709,3.4475459851483423,-173.1658586682776,37.8
0.24484714947104358,0.8195575480747539,3.4414711326330476,-172.9149525391806,37.9
0.23626430587614672,0.8309927089361431,3.436848082070952,-172.64649211942006,38.0
0.23604143138555728,0.8349860323732582,3.4390972147506447,-172.08402906161083,38.1
0.23491025109469582,0.8396670284236848,3.462363822844221,-171.9263698878228,38.2
0.2406792704598737,0.8404183149188155,3.4701491567158365,-171.9712193596625,38.3
0.249413923739603,0.8390429692747349,3.478867044251511,-172.11891680070087,38.4
0.26070983497561395,0.8357406430481438,3.4877126433402497,-172.3408937233,38.5
0.2733944146758562,0.830463388917806,3.4977954688778667,-172.66383907808844,38.6
0.28725150243045033,0.8229953224905524,3.50535145494364,-173.0593853465446,38.7
0.300601683860355,0.8129327767868162,3.513306551132314,-173.519508696208,38.8
0.31230717088228643,0.8000206918721868,3.521559024079123,-173.99676988612106,38.9
0.321393629428146,0.7856193988288049,3.5191539491602084,-174.64671973611044,39.0
0.32957428673235234,0.7684145877968833,3.513722558040751,-175.0943281297869,39.1
0.3359770182657631,0.7526423443208453,3.5030233635566956,-175.61652796646337,39.2
0.3394949926928902,0.7359551396401359,3.4919355605043982,-176.00203709210385,39.3
0.34014153759546584,0.7200080224099568,3.4818740798839487,-176.27013489730345,39.4
0.338587721533839,0.7057279079106532,3.4714514513924604,-176.44121876583532,39.5
0.3355397151070976,0.6944328112891585,3.4594044029269866,-176.59390145586994,39.6
0.33039207989166836,0.6855539745126032,3.448897614641769,-176.64375951865526,39.7
0.3250930789696597,0.6807208167793931,3.4352503052522136,-176.6239106292032,39.8
0.3192248785360466,0.679196362458638,3.4218891165350427,-176.4120343518819,39.9
0.31417156977920646,0.681921642246046,3.413397906803135,-175.97721571152806,40.0
0.3062752793299538,0.6923586756170976,3.417144472009869,-175.62637778348545,40.1
0.2982384580805616,0.7074593375133618,3.4088608267057694,-175.46906282079368,40.2
0.2912901682964398,0.7244907722798973,3.404427788110322,-174.9930708993696,40.3
0.28456567282527956,0.7464598543824051,3.4092837279117054,-174.4161271415572,40.4
0.2784170511253602,0.7711000154551005,3.41436475770616,-173.8408220253678,40.5
0.27245966463096666,0.7969191408914172,3.4208051932552834,-173.25052599350184,40.6
0.2681038244430877,0.8230480383345796,3.426513296801635,-172.67266765762866,40.7
0.2639377702114297,0.8474350144989623,3.4342384376517474,-172.11898914517585,40.8
0.26133659008262455,0.869550240462645,3.441283229575254,-171.65047606435684,40.9
0.26013522297104497,0.8879257364207644,3.448580734762898,-171.15869452796682,41.0
0.2610023235580278,0.9003495674344013,3.447872308122058,-170.71085347324365,41.1
0.2631894794463369,0.9071415327489131,3.457489757860008,-169.91610732843162,41.2
0.26595911942876593,0.9123875345377781,3.466975619157636,-169.44985777204315,41.3
0.2708419666801064,0.912177148668826,3.4676101088392137,-169.05974461304825,41.4
0.2771005540405419,0.9092319971409353,3.454845653373553,-169.00077489625542,41.5
0.28546272889365304,0.9016753315187132,3.443055746817758,-168.63457631231353,41.6
0.2946768206832695,0.8934227799981317,3.4316800967820607,-168.32721237903482,41.7
0.30289387473632995,0.8843359162096414,3.4216673833136917,-167.97174313364644,41.8
0.3108014250870234,0.876257705324352,3.412406143721266,-167.61741737707564,41.9
0.31769437492966957,0.8681557571968179,3.401299003579505,-167.18558241782978,42.0
0.32422418118205787,0.8614848723074738,3.3888786194074902,-166.78955552290034,42.1
0.32935233350231574,0.8562036435590821,3.3772535244853197,-166.3466025440544,42.2
0.3330548130238045,0.8525959889245163,3.363740712076141,-165.90721649408988,42.3
0.33364491537950225,0.8525424453423149,3.348505322487823,-165.70627309126706,42.4
0.3328247507877141,0.8538316704058276,3.345350371305417,-165.21813808336924,42.5
0.3297577779961425,0.85705847712666,3.345591338550034,-164.85096487329469,42.6
0.32595798617954863,0.8609925170637321,3.3441274995941193,-164.47329126613494,42.7
0.3233125284513608,0.8664335531558859,3.3393000379982256,-164.0485565201846,42.8
0.3217227781523182,0.873829594786143,3.330212452655804,-163.80102276454994,42.9
0.32033792215314316,0.8831555591203702,3.3226347612874783,-163.65553731164326,43.0
0.3198626654851457,0.8957880511142496,3.316389179040505,-163.3179222216082,43.1
0.32049599869059053,0.9083615159954833,3.311041016003879,-163.0791205975027,43.2
0.32134068285725825,0.920611308561319,3.307789072746907,-162.87144087458987,43.3
0.3262907653425292,0.9305282183952229,3.304004425863039,-162.44748560249337,43.4
0.33013870197990325,0.938002858272616,3.298578483143994,-162.33579574358572,43.5
0.33676123514358014,0.9431140494171755,3.289759200520316,-162.18960530865047,43.6
0.34498498819788626,0.9457445962579213,3.2815242948659957,-162.09245749758784,43.7
0.3549765887837584,0.94507018124728,3.2735359836265774,-162.18796653660812,43.8
0.3650425748209988,0.9389331478761358,3.270427714848901,-162.1113659243138,43.9
0.3760850028288809,0.929085046986964,3.273599820793153,-162.06132322819263,44.0
0.3859607160606963,0.9118889172393312,3.275389888040638,-162.17193744999005,44.1
0.3923765688818896,0.8896480730895711,3.2772058808755666,-162.23536703783034,44.2
0.39446526074116894,0.8636295779515958,3.273153685319251,-162.4338063786907,44.3
0.3928099896450336,0.8332960130239051,3.2680915562037187,-162.73672809077024,44.4
0.3926045448803134,0.7998479968069777,3.2650771126006193,-162.7478937927425,44.5
0.39095313477458105,0.7638792420507653,3.2616524703374985,-162.90261393681536,44.6
0.38916749645967236,0.7236540565314126,3.2554083042876365,-162.94990310171065,44.7
0.38616421187142136,0.679782629775378,3.2484943768296426,-162.9506283336047,44.8
0.38293107532853643,0.633796925908592,3.2386445375805595,-163.13456359240394,44.9
0.3828513500436684,0.5839158915685343,3.229419425528472,-163.3869807709271,45.0
0.38864571795090597,0.5339639420157478,3.2254828281122507,-163.57499356198144,45.1
0.4066878281804871,0.4875365284332583,3.211881438055227,-163.66656593197118,45.2
0.43684242235151177,0.4439092449060503,3.2050257838271383,-163.46927051240488,45.3
0.472431511050848,0.41591320671787885,3.1990647667287506,-163.7388577830251,45.4
0.5102449922330313,0.39763943573326066,3.1988706780034057,-164.00343495915968,45.5
0.5477932212981875,0.3897817719693465,3.194126949681578,-164.12739888294172,45.6
0.583378290143427,0.39670976757775056,3.196194503684242,-164.44326591083296,45.7
0.6160463595471122,0.41931287299899844,3.2002448247170343,-164.85595103846475,45.8
0.6455716499795836,0.4575225115844634,3.2053916494977974,-165.3057805282737,45.9
0.670468400345242,0.5072049450906347,3.202728860791248,-165.56050001134923,46.0
0.6855404543313478,0.5719955146984269,3.19323612939034,-166.26635309857977,46.1
0.6886735612823334,0.6446482687178785,3.1875823489580357,-167.1372867533522,46.2
0.6821577287824514,0.7189838858053881,3.1782696658463756,-168.01081392518458,46.3
0.667931300462355,0.7831486054981538,3.168631936645355,-168.42901436670047,46.4
0.648456308432388,0.8436316880525248,3.148998012594105,-168.87656198575024,46.5
0.625491750699682,0.8996688847390232,3.1309098191029325,-169.5920677052958,46.6
0.599069864681725,0.9461735447993702,3.106060044518575,-170.23188321028118,46.7
0.5676693946913896,0.9813699410665782,3.0815456682825166,-170.7528546793132,46.8
0.531270038326811,1.005178064392124,3.0651516466464663,-171.0533366744888,46.9
0.4919290161447634,1.0211833844630491,3.0463021959424674,-171.53906761407663,47.0
0.4577997197867738,1.0221459713934877,3.0286593414061267,-171.64846457395987,47.1
0.42958071608582954,1.013410877169504,3.015162577298773,-171.78788507208213,47.2
0.4072608130069087,0.9997516141673424,3.004934754995417,-172.1082484705164,47.3
0.38945589816847287,0.9828378199824963,2.9953807820918406,-172.76778775063988,47.4
0.38023701433663903,0.9570289795451394,2.9894433567384526,-173.04574791605032,47.5
0.3764611443180378,0.9254317835488776,2.984818909422615,-173.31886190679978,47.6
0.37765228967364156,0.8888882046944119,2.984805496720607,-173.6775780563446,47.7
0.3889046938734218,0.848479318473488,2.9803292807501913,-174.05262394590753,47.8
0.4097877693174368,0.8039845104780625,2.9654047456861075,-174.51256759914637,47.9
0.436312416738478,0.757165244606838,2.9592151621598246,-174.8648786350821,48.0
0.4639015780115499,0.7099879230645796,2.951101810117256,-175.27769571288033,48.1
0.48990434920296266,0.662130201656292,2.943582868081496,-175.62651460032183,48.2
0.5131880076280936,0.6153121243542116,2.93686199001981,-175.9741428765708,48.3
0.5370037420379071,0.5680994610268117,2.9291925982490046,-175.91736561330754,48.4
0.5558120499993663,0.5261652192741982,2.9238378136709384,-176.16948195745735,48.5
0.5723302596769587,0.48809808913321995,2.91869710609624,-176.38149842572653,48.6
0.5877094645562447,0.4547701268663478,2.9111198273755594,-176.45280141094332,48.7
0.5995013502052677,0.42717552902835837,2.9058723663480968,-176.56836983471504,48.8
0.6082944968233048,0.404776719899418,2.902474475943788,-176.58780742401603,48.9
0.6138130176192289,0.3886768079064661,2.894956604625547,-176.76992297591954,49.0
0.6165708826274009,0.3772922586505055,2.889821310656396,-176.8270260122806,49.1
0.6168624397216826,0.3708595129137013,2.883976678511279,-176.87016113748828,49.2
0.6149741400864246,0.3691694318886117,2.875856868971077,-176.932187578122,49.3
0.6111669184732416,0.3717227106477789,2.868478264895727,-176.96912349880188,49.4
0.6060640784605342,0.3785939378662312,2.856354164107727,-176.98743362402624,49.5
0.5996992412950393,0.38999845546153494,2.843852691414431,-177.09158047807279,49.6
0.5923300398546346,0.40605976838573243,2.8324331085307697,-177.19837587287282,49.7
0.5844811905208758,0.426620913402771,2.820649426130255,-177.2429597181975,49.8
0.575414671676239,0.45417262061762476,2.8099498047627924,-159.5032578895345,49.9
0.5678232014191972,0.4864698500275414,2.798178671238285,-159.65579388451542,50.0
0.5605127660585871,0.5241697158177996,2.785334808303298,-141.9445743550966,50.1
0.5541532429044046,0.5676021629658127,2.77875219752669,-142.17821639999113,50.2
0.5467646717569735,0.6153895884661298,2.7747234034018406,-106.69471345418381,50.3
0.5419766613437295,0.664328710094564,2.77259682169574,-71.03342982325469,50.4
0.5386847694689638,0.7122939912383484,2.7601186898608545,-35.5445697474282,50.5
0.5367826342199147,0.7588693354643217,2.7470335282238465,-0.029694074462975097,50.6
0.5357347347866488,0.8051629003579851,2.7496575634721174,35.49617123197603,50.7
0.5368630175774111,0.8445354639055257,2.737233262181646,70.8870079548725,50.8
0.5394448148280179,0.8783652842763701,2.740866593400823,88.43034181962028,50.9
0.5421592777429776,0.9045777016710627,2.745051097105631,123.90567376382857,51.0
0.5460545935038748,0.921946473997991,2.749109699298964,141.4027177221138,51.1
0.5504007522763645,0.9292102517539416,2.745868426422716,176.76982909320157,51.2
0.5577004908061103,0.9253123610137886,2.726218389881166,176.34539232201627,51.3
0.5636859321042532,0.9146932586087759,2.705342670745302,175.66765330270238,51.4
0.57044640872102,0.8990187666652514,2.698363889908921,174.99952742553512,51.5
0.5800395258181223,0.8776858019563226,2.693327018474133,174.29467629170375,51.6
0.5942319406513272,0.8485902228107584,2.6720567146811938,173.52084570318294,51.7
0.6104929383620006,0.8182602656279551,2.6672113231743317,172.76526646866154,51.8
0.6288809620403902,0.7819698693876467,2.6460842600435264,171.94746949454986,51.9
0.6477555940861828,0.7463012207154739,2.628367538601066,171.11885579951976,52.0
0.6634382919675857,0.7106503988878239,2.6110588756698165,170.32301362212857,52.1
0.6746070152782452,0.6778598736256253,2.5949896170408095,169.5637213827532,52.2
0.6800413658134845,0.6508488440285205,2.5951114167148237,168.80089805208988,52.3
0.6808581152849587,0.6282129479730032,2.593239568341931,168.0708664076584,52.4
0.6763908224745067,0.6102683898964443,2.5886683856613955,167.41820346059126,52.5
0.6655379044857638,0.5973123289082007,2.5793552263323907,166.84818403898916,52.6
0.6473442616377472,0.5900544271448648,2.5681032543959894,166.29832224226033,52.7
0.6231490333377682,0.5877819711788043,2.55686795546927,165.85799318831755,52.8
0.5952923201979584,0.5916828473990778,2.542283281588436,165.43285498618937,52.9
0.5647267377247771,0.5986761673654748,2.525830865945437,165.05352620095582,53.0
0.5360496210305052,0.6099413738519013,2.507436877475771,164.63741212061706,53.1
0.5122332937206971,0.624983007420891,2.4928977527801166,164.24942747018457,53.2
0.49295483527101436,0.6399322851463941,2.477711962139135,163.90508260660238,53.3
0.47833115147407257,0.654196500919795,2.4661435878760494,163.57771054035106,53.4
0.46952361692247324,0.6669465389409179,2.4565738548850686,163.22662462206728,53.5
0.4689135306906339,0.677014172488382,2.4490381085938253,162.83830419170107,53.6
0.47591221431273184,0.6805599109046456,2.4433945412268523,162.41704052243526,53.7
0.48972779212532236,0.6796303361373457,2.443701500511973,162.00738254496713,53.8
0.5063330818962374,0.6752225376722052,2.4493905033917214,161.60200706624624,53.9
0.5234846350787596,0.6676594246292941,2.452859498830486,161.28216909000403,54.0
0.5393851677458753,0.6576741754268365,2.460136639256593,160.99407252558973,54.1
0.5528757684806423,0.6429020418351282,2.462797914933561,160.75910107128877,54.2
0.5652365515996898,0.6262143981362327,2.4637455418426946,160.59315792813555,54.3
0.5758708916463384,0.6079822886707136,2.4622865692487,160.45284848267872,54.4
0.5829637853862815,0.5887464075678178,2.4616185507345767,160.3932133216765,54.5
0.5836090163957127,0.5695500959383031,2.463047644393175,160.4183128015215,54.6
0.5781996166531973,0.5540640587165718,2.4638347814070514,160.51175985468055,54.7
0.5673300498032676,0.5401694816272347,2.4590315590114695,160.64552974874377,54.8
0.5541510458289395,0.5270562720084675,2.451427556473491,160.8252144188252,54.9
0.5411704804312027,0.5141667361451118,2.443626863329036,161.01418716960276,55.0
0.5290685327859563,0.5014834104494643,2.433903766787423,161.20934869559298,55.1
0.5177893425742637,0.4893006537488568,2.4253330986732813,161.39936746591493,55.2
0.5075116519762645,0.47754011270411006,2.4163726653000714,161.58691130023345,55.3
0.4982030209162695,0.46629726206481975,2.408593873070719,161.7004724356604,55.4
0.4900922343423897,0.4552311145069887,2.4003174336455304,161.77368054514363,55.5
0.4826634524419154,0.4452410452326446,2.3921163566665125,161.6302420845878,55.6
0.47649482633385876,0.4342307077986294,2.38401954872792,161.6709785899671,55.7
0.471238162166223,0.42338230578387775,2.3762520773979494,161.66274123788517,55.8
0.4672878951021217,0.4122929030229702,2.367049226741247,161.72054978811954,55.9
0.4640955659385567,0.4016804719589345,2.3596914349633407,161.72781604638115,56.0
0.4619068317788413,0.3917472963383163,2.3534075639797174,161.76143606239424,56.1
0.46050826048988797,0.3835884930824235,2.348176723304964,161.7236469839134,56.2
0.4606025976104693,0.37731818592597244,2.341426675234554,161.80981541248602,56.3
0.46135993121667196,0.3740524041476088,2.3357746740697394,161.935328062438,56.4
0.46305841133104775,0.3742636989750835,2.3301588747560973,162.11825304430334,56.5
0.4660102311984128,0.37704683016672474,2.3253364035821655,162.5419919008042,56.6
0.46960429423020117,0.38409302408717466,2.3198548414591813,162.86731314937464,56.7
0.4738540706542521,0.3942368305552306,2.3142289699437777,163.20512099313746,56.8
0.47813386215499093,0.406748384131399,2.310655991923014,163.57572718446204,56.9
0.4825775739930351,0.4207041778687586,2.3059428914969824,163.9771306009848,57.0
0.4867396670941636,0.4350400482804564,2.301000575515517,164.3838345312259,57.1
0.49072544654541933,0.44800209233113986,2.294013792384478,164.91159600147202,57.2
0.49336828764051593,0.4595207281438286,2.288809414619615,165.35333945109838,57.3
0.4952988130738619,0.4681909280637093,2.282924291491579,165.85945607951268,57.4
0.49630280441613034,0.47368805971326483,2.2763589885904114,166.3685141242357,57.5
0.4964139377024295,0.47587440988367113,2.269466468133657,166.87772672749807,57.6
0.49542136209467263,0.475996032600719,2.2637457814273505,167.14887201354856,57.7
0.49419048166063656,0.4721323861783329,2.25774009320846,167.69255631683035,57.8
0.49238309263977564,0.4675796316054154,2.251521742776886,167.97216162842994,57.9
0.4905674653082178,0.4622122550207967,2.2455748324386415,168.24621460068317,58.0
0.48884700892574007,0.45624004036584764,2.242321070961343,168.6354743679745,58.1
0.4880752819691945,0.45068789622598404,2.236910241380179,169.13389000590823,58.2
0.4878684528045757,0.4464612073094507,2.2327600953465483,169.6120981091314,58.3
0.48826448125368993,0.44414065094615396,2.2299857825470473,169.97550961848395,58.4
0.4898218950525811,0.4426063312556212,2.225878846653833,170.46299628820685,58.5
0.49201501724190144,0.4431108220931586,2.2227784550659715,170.70748735112394,58.6
0.496836929010141,0.43987260473062645,2.219601023819994,171.48142981314055,58.9
0.5029584328603411,0.43318762162086966,2.2174628520679343,171.95687330725306,59.2
0.5097046903772322,0.42376730360896353,2.217346218951584,172.63933146149597,59.3
0.5169961086071189,0.41288656672247337,2.214689986227198,173.3347867365096,59.4
0.5250992574552139,0.40033526654708823,2.2094404578585776,174.08173180339713,59.5
0.5328106281578242,0.38662497479107777,2.2069267381760502,174.68155473062004,59.6
0.5397041326539305,0.37186576659203113,2.2033356795193377,175.04588347517873,59.7
0.5465335221550515,0.35490479399709207,2.197582072143733,175.44140740911863,59.8
0.5531747602464359,0.3365498934006429,2.1944985129373826,175.76304533291506,59.9
0.5586908376958187,0.3179067600494357,2.1908837405254893,176.04766195916073,60.0
0.5617317748713322,0.3044198716004393,2.1883479098125926,175.87778374148405,60.1
0.563122133515043,0.2987522730802798,2.1867054020510652,175.65351703597847,60.2
0.5639855916391384,0.29783582925397967,2.1843874039344446,175.31634332296736,60.3
0.563974388800071,0.30083079456018524,2.1871281116481494,174.88602052591895,60.4
0.5630519443215556,0.3089650699339397,2.1903225618578763,174.20621251537995,60.5
0.5617769130575685,0.3219437369192405,2.1935706310884586,173.46395587345745,60.6
0.5607123317814657,0.3390997360314241,2.200359140411204,172.8497782591524,60.7
0.5595402262093002,0.36202001205655127,2.209442512867485,172.2647167677182,60.8
0.5578698026414634,0.39284493263261877,2.2196477926135403,171.5830674149311,60.9
0.5573968586881431,0.4302756843967722,2.226139657665727,171.27243387686264,61.0
0.5592380336673708,0.4759548319855482,2.2258927425390165,170.79309588953112,61.1
0.56160961376188,0.5305842542679223,2.2225757599576035,170.47248637405514,61.2
0.566077516909772,0.5935427677857832,2.2178738406596312,170.1098870600577,61.3
0.5718213416548925,0.6666913731487707,2.218634028247487,169.77365980063945,61.4
0.5793860045693954,0.7471856675718056,2.2192049289663105,169.58596839846217,61.5
0.5882984180733414,0.8343830610442848,2.2195842324263277,169.455094216642,61.6
0.5988208383662023,0.9272518132652529,2.2151787298949075,169.43833857516233,61.7
0.6109894618893694,1.0259945824897148,2.2150381790199014,169.6319446853085,61.8
0.6236199830406337,1.1253381722687297,2.214021122587027,169.9494101380627,61.9
0.6364663998635312,1.2224888561919975,2.215406952243744,170.23849820954086,62.0
0.6476543955363196,1.3131899141337524,2.22186423943261,170.88856012066134,62.1
0.6587072242818659,1.3941193984191333,2.2293142808302275,171.5533020049226,62.2
0.6678336151538655,1.4642003121724336,2.236824970958827,172.44029731765858,62.3
0.6757235270812805,1.5203864144960801,2.2366446805363815,173.437030401208,62.4
0.6815450347584378,1.5641897750358698,2.236283532521048,156.4294682823067,62.5
0.6852879959145514,1.5947259123919986,2.239840454446667,139.47768927407688,62.6
0.6872555981565469,1.6138181238589826,2.2419997743170272,122.57718259279117,62.7
0.6863008042651033,1.620185391541592,2.237581668780308,87.46539357574507,62.8
0.6845087630395271,1.6172162749148735,2.2332536239866876,52.38995764655609,62.9
0.6811645626070295,1.6072870444839218,2.2304739066757193,17.269321724646773,63.0
0.6762571655323003,1.5922258595018066,2.2291110998394954,-17.91320564987812,63.1
0.6708697789093603,1.5758309414149985,2.225568081257703,-53.09101295052936,63.2
0.6641609082581076,1.5578558180799251,2.2187219767132382,-88.41033640351493,63.3
0.6568312815168703,1.542829867236925,2.2163410653774793,-123.70904023831034,63.4
0.6475783484730233,1.531611098212864,2.2130225232090073,-141.18389994629737,63.5
0.6381922125585624,1.5254802417452338,2.205934707758092,-158.73744021921726,63.6
0.6296430951150624,1.5230379746879357,2.201143593125117,-176.19561619534528,63.7
0.6216518309128248,1.5257249236491366,2.19653344026488,-175.62670757525515,63.8
0.6117546738934234,1.5344397988059957,2.1907619706937114,-175.34499208718458,63.9
0.6035260355754819,1.5469459329777526,2.1831022311665653,-174.90960578416852,64.0
0.5962875032064284,1.5646580193902526,2.1770948228046665,-174.56083643436514,64.1
0.5878617928168441,1.5863470060423923,2.1843817113352393,-174.1338470218357,64.2
0.5808489207088892,1.6122600751283689,2.1946405145294494,-173.64320689653465,64.3
0.5745891798765532,1.638751728169558,2.201584727608566,-173.2487121114603,64.4
0.5706427040113913,1.665516067626438,2.209285702960046,-172.77648744455854,64.5
0.5674757036918262,1.6918540346006115,2.218423550319044,-172.35675278130716,64.6
0.5640675057932985,1.7180473034836474,2.2281012929340704,-172.19506364029618,64.7
0.5615590721522323,1.7424021984100808,2.237973051874375,-172.1153446990646,64.8
0.5610558975179569,1.764100021688351,2.24886024444403,-172.05176447317695,64.9
0.5594152538906932,1.7843638160931075,2.264869115727548,-172.41029265969044,65.0
0.5588613449410046,1.8017363696581778,2.2747716891048873,-172.77576644279702,65.1
0.5597620765848156,1.8149710174872802,2.2750890515467623,-173.5090954209424,65.2
0.5610183157090483,1.8249270040810583,2.2755368698359972,-174.3644622542626,65.3
0.5617537100067365,1.8328394175954705,2.2743974699393688,-139.58409752862008,65.4
0.5629090887894025,1.8377379144070543,2.2730146348727263,-104.8753510639436,65.5
0.5646537351103232,1.8400892027007127,2.2704257496722504,-70.17829923587442,65.6
0.5668247935213707,1.840328532602355,2.2680887769870144,-35.47488066379403,65.7
0.5695005871482387,1.8387202848035842,2.268519552495808,-0.6943018316911435,65.8
0.5730082994564489,1.8364015147597992,2.2684870496023555,34.19614460356671,65.9
0.5774166119757116,1.8344871395693336,2.2652585593531778,69.18275569070309,66.0
0.5818203023060998,1.8339332888623592,2.263596270392258,104.1479168800236,66.1
0.5869997650234032,1.8350396303441259,2.2653212793996507,139.27897216002927,66.2
0.5926098843827099,1.8394845221207388,2.2681502934430013,174.45460235766444,66.3
0.599576103232913,1.8472442196173897,2.269263326591187,173.91330756146326,66.4
0.6067784682330595,1.8594399170852796,2.270781096755955,173.45940508082424,66.5
0.6142324901036468,1.8760545988042658,2.2726962291935213,173.22750230112956,66.6
0.621652250241856,1.897327170211716,2.273481799695893,173.09085549875675,66.7
0.6288244013376225,1.9235921705688348,2.2712876839507135,172.9747280402934,66.8
0.6355663971418523,1.953835989713994,2.268011022201434,172.95027431331442,66.9
0.6421419260239679,1.9873222529980665,2.2625181116984416,173.02675634960852,67.0
0.6478966108885114,2.0229903881116353,2.2584430359156964,173.2622518326429,67.1
0.6527219943768029,2.0606998250453925,2.248414026576513,173.58641149819783,67.2
0.6562664290715682,2.099627711292507,2.2377519350786037,174.05756080197884,67.3
0.6584187636784871,2.138322781574858,2.2256675099667738,174.68606319435378,67.4
0.6590231337628166,2.176626853627107,2.2119794080117057,175.38669737548764,67.5
0.6584820489684009,2.214071126499211,2.1957158356671926,175.87982870605262,67.6
0.6569158628276383,2.248869214071315,2.1776089626369526,176.33004320457897,67.7
0.6540502207741012,2.2798389472563656,2.157976320995446,176.79020570628188,67.8
0.6497850335573357,2.3061885060509026,2.1390150224667477,177.23499487203523,67.9
0.6442233144745758,2.327183324135976,2.121620339534461,177.7129998358849,68.0
0.6381090902664436,2.342264864588393,2.1042625543590927,178.0789880875604,68.1
0.6302523195038481,2.3508603269878146,2.091104260342189,142.53414126866568,68.2
0.6221067401229684,2.353062132185078,2.0805618700602078,106.87684084399628,68.3
0.6136786400821095,2.348681536651667,2.074471441873868,71.16274665973029,68.4
0.6043488188647558,2.3371184481079195,2.0726704388512665,35.63312920848572,68.5
0.5955712330719455,2.3201571394336407,2.0707923377368225,-0.04884198620505629,68.6
0.586303578927824,2.298680453926937,2.0743556255784332,-35.64883941805816,68.7
0.5769457325279148,2.273108407248574,2.080161472825024,-70.99027402902918,68.8
0.5686262628005971,2.246758718072307,2.086032933017353,-106.56595312154768,68.9
0.5610661790386117,2.220127792722537,2.091457886362698,-142.1597057195817,69.0
0.553747326772082,2.1933562573273395,2.0970930585664487,-177.41539621173342,69.1
0.548486637238625,2.170182388170137,2.099950416472125,-177.09254112468594,69.2
0.5440180651315867,2.14970354283507,2.099272511674788,-176.72960567787743,69.3
0.5404201152533994,2.133147011094257,2.097880635235674,-176.3678663519724,69.4
0.5386037468278222,2.121628912699899,2.092913007249698,-176.24357708163785,69.5
0.5364724609004138,2.114074171203443,2.090008558606722,-175.8781903053094,69.6
0.5354470941606809,2.111171843470164,2.0829154552775604,-175.5847717389452,69.7
0.5348399631156522,2.1124922900030305,2.0748664886207324,-175.2973898305674,69.8
0.5346819325122479,2.117661260676719,2.0660535576327,-175.04902977331852,69.9
0.534142594133877,2.124850311452404,2.0569248342402444,-174.56177501571065,70.0
0.5344162274021673,2.1363723001394694,2.0467847155594137,-174.5818019835182,70.1
0.5342247679297778,2.148147004989286,2.0376042007927553,-174.31485349697897,70.2
0.5340928538018461,2.1605824604800006,2.027048502832387,-174.0877037030095,70.3
0.5328065226231022,2.172151562816714,2.018338572228933,-173.66071752344578,70.4
0.5324132082770027,2.183592093261269,2.0066155979853812,-173.49742773736733,70.5
0.5317546299607258,2.1935547459319436,1.9948851571409931,-173.3630823395426,70.6
0.5308164896115717,2.201427180170543,1.983891558952397,-173.23367381849414,70.7
0.529452909936052,2.2069817263407883,1.9730462739063312,-173.16895530828066,70.8
0.5271058629793688,2.208915363676998,1.965250944304524,-172.8002273475384,70.9
0.5252344518697573,2.2092950118736012,1.958260288197922,-172.6658763292637,71.0
0.52262450062698,2.2056633157634935,1.9520048396237955,-172.2067082519598,71.1
0.5200476750230268,2.199161136201938,1.9453153234145408,-171.6775819577469,71.2
0.5178950394903874,2.191219369255438,1.9377719369014408,-171.33075391232396,71.3
0.5164551418640844,2.1816549093081945,1.9281318334366202,-171.10023645514062,71.4
0.5136214992984782,2.169312343026326,1.9215495107614022,-170.53442328724628,71.5
0.5100019808159406,2.154178079447142,1.9176328429311482,-169.62093273401345,71.6
0.5060215886841459,2.1377566874402607,1.913734516012487,-168.57818808655506,71.7
0.5024771682220666,2.1217400876512325,1.909118044332843,-167.68098863711123,71.8
0.49887125696141377,2.105568765414094,1.9020562690295804,-166.7996839684054,71.9
0.49485449764656975,2.089445046330282,1.8939383164019659,-165.9028538950188,72.0
0.49074208616062015,2.0760712984225913,1.8831370499908047,-165.4632013387402,72.1
0.4860386396697992,2.0626058655731163,1.8743339438905378,-164.94312684521162,72.2
0.48038239365361035,2.0487076020595003,1.8674137305716907,-164.21764275523134,72.3
0.47546871740205265,2.0355593242750456,1.8565058754581678,-163.57259466571927,72.4
0.47032075772273235,2.0268720921922014,1.8445440763895569,-163.6627227252418,72.5
0.46602291684082003,2.0209976616538605,1.8293398403615129,-164.23913758019856,72.6
0.46250548535360736,2.013367983073393,1.8155391564670247,-164.4459880446997,72.7
0.45957301202701595,2.0069237943998686,1.8018542192394666,-164.81735952533535,72.8
0.456847780753439,2.0047303358332877,1.7876707198134654,-165.9336145361942,72.9
0.45498254911569147,2.003181732292631,1.774310871563134,-167.1589329499927,73.0
0.4540282799790666,2.0001879606319615,1.7643128237847585,-168.1255745934925,73.1
0.4547909886858498,1.9986130105110793,1.7527785572440884,-169.35450820703724,73.2
0.45699648953353894,1.9973470382458334,1.742234763892231,-170.63019361889275,73.3
0.4597946834198887,1.9965307964255126,1.7364283762612813,-172.00744223409765,73.4
0.4642118309004826,1.9923100553588629,1.7324560074041222,-172.7979399831441,73.5
0.4697844197000255,1.9873709579737369,1.7294443685688257,-173.5008742638242,73.6
0.4758567733197916,1.9851433742687798,1.7260141857511673,-174.74592480643622,73.7
0.48282612996558355,1.9807768038494018,1.726069524758416,-175.6487056357459,73.8
0.4906609510512448,1.9738703856404007,1.7246044466701658,-176.22483658677206,73.9
0.4989225016208092,1.966092516489192,1.7237406673340658,-176.78010836016492,74.0
0.507254276661312,1.9576611957602181,1.72286594697344,-141.34415608413514,74.1
0.515252409993905,1.94881794432834,1.7211243987088127,-105.92325187747595,74.2
0.5226348165434411,1.9392859653109238,1.7208736442066894,-70.43103697447442,74.3
0.5292486724678221,1.9305216860680374,1.7178337147345737,-35.04916003866998,74.4
0.5357135802121997,1.9211975940960582,1.7145001219961913,0.5755775726755303,74.5
0.5405850878734229,1.9136955574408898,1.7097221215739264,35.92632587256601,74.6
0.5446485354688788,1.9070176122398508,1.7043459780686228,71.29778463225557,74.7
0.5476697919755369,1.9030314989903048,1.6954932907199207,106.36233493429896,74.8
0.5501637386668605,1.8988910040026465,1.6890131897837661,141.7548405140494,74.9
0.5518905995513474,1.8965759400938755,1.6814772276100747,177.16935076335017,75.0
0.552889498972191,1.8960717693928817,1.6736247671488536,176.63661686137897,75.1
0.5539252693634363,1.8961345838421946,1.6664508981863129,176.45046670507847,75.2
0.5541590594035306,1.8985884361913565,1.6582194465567461,176.16323607631608,75.3
0.554093812103784,1.9018580429160423,1.651595523774113,176.04889195048867,75.4
0.5527081616385574,1.9086981704335197,1.642563308710724,175.4488205606793,75.5
0.5523675405950914,1.914018651048723,1.6346908428553903,175.50208725412767,75.6
0.5512201392076468,1.9216706998515847,1.6259197180610172,175.22235669569295,75.7
0.549886614575445,1.929787842150025,1.6172265328079702,174.99273204440408,75.8
0.5487948611266233,1.9365911753337386,1.6088901040794497,175.2303544575621,75.9
0.5475091925578256,1.9435509718582327,1.600295634251328,175.55521824792984,76.0
0.5461958060106359,1.9505141732094902,1.5915660413799824,175.97780773797862,76.1
0.5443206704913939,1.9584694891516439,1.5818973770177667,176.20256803578224,76.2
0.5425388217484735,1.9680107102663906,1.5701770336790526,176.07442504984346,76.3
0.5411335691356661,1.9751469488087292,1.5595594667782913,140.4645395237184,76.4
0.540309527152141,1.9804392663723678,1.5500961502325468,105.19619378796096,76.5
0.5389981925709161,1.9865163770543757,1.5402359435636894,69.62712011733565,76.6
0.5384105012516566,1.9903364440918012,1.5308349483388815,34.46116687989756,76.7
0.5380096176766643,1.9932056371713383,1.5211573227433275,-0.6474144833737,76.8
0.5368968698994818,1.998805339816308,1.5104850990921268,-0.6336268384332584,76.9
0.536199383191107,2.001195883220626,1.5000895608532974,-36.143090764088775,77.0
0.535529809502207,2.002298161663258,1.4897022723169089,-71.69528193391027,77.1
0.534927895445156,2.0019797896363607,1.4794899063977278,-107.3230471363781,77.2
0.5346986773837414,1.9981467357330132,1.4698551069645602,-142.54695109713202,77.3
0.5340777798935885,1.9947602771257096,1.4600154602143618,-142.29644197701325,77.4
0.5337321403036309,1.9901784161896394,1.4501237819982071,-142.03708850731502,77.5
0.5336860197261919,1.9847659106294135,1.4401584727429477,-141.7945384553031,77.6
0.5338724183797795,1.9787458038143064,1.4307850612993653,-141.56146572868573,77.7
0.5343815416047943,1.972377272278227,1.4217285296301125,-141.31805700123013,77.8
0.5355719768321701,1.963821380380402,1.4130266162828455,-176.57002880216024,77.9
0.5369530960279657,1.9574153344645862,1.4035900200583806,-176.27457949585695,78.0
0.5387302823040143,1.9515062925941244,1.3940740373785647,-175.97686927729526,78.1
0.5408295641019584,1.9464207010741348,1.385303132494308,-175.65452269279618,78.2
0.5435645959195583,1.9422602427335858,1.3767727180836613,-175.26933957530218,78.3
0.547070452541827,1.939048980471717,1.3678138625197753,-174.8402795290255,78.4
0.5507299421920389,1.9365188989297983,1.3599031938188564,-174.44645166739852,78.5
0.5547769545664872,1.9343763509883956,1.3516263735406748,-174.0458550815518,78.6
0.5591592797349583,1.9324669750450472,1.3430477364934537,-173.65221731901119,78.7
0.563590349198338,1.9307360451099598,1.3351813939742878,-173.34507918524156,78.8
0.5683609771015077,1.9289174839378223,1.3272572433793897,-173.11603225959269,78.9
0.573381997067615,1.9268415534628072,1.3200885732262402,-173.02434159250035,79.0
0.5792974100340391,1.9244560531347386,1.3135032144488332,-173.00843681430626,79.1
0.5862403589582452,1.9222694282613795,1.3067966747350208,-173.24218699273914,79.2
0.5942906809963959,1.9187961869363896,1.3012959262054244,-173.3062405364194,79.3
0.6016699169414738,1.9150446223948556,1.2949818064949992,-173.5287651051007,79.4
0.6092762776139077,1.9101292498184013,1.288468460282704,-173.62686034813458,79.5
0.61670463183149,1.9045546537431697,1.282059858257003,-173.78732069416364,79.6
0.6243915725998802,1.8982626731318213,1.2752877776835534,-173.9506982689034,79.7
0.6326264782215155,1.8912506301668064,1.2676092479508487,-174.0829346921244,79.8
0.6412539146331104,1.8837072155034709,1.2597606895182727,-174.21799370724986,79.9
0.650347030635858,1.8758046549730008,1.2515197381165657,-174.3140913766171,80.0
0.6795574201885014,1.7424190518648484,1.2318643495451513,-147.67503124284968,103.7
0.7070373826514209,1.6081460237224263,1.2113286953994755,-120.82720665250504,103.9
0.7326463419042912,1.475314653553378,1.1924526774973678,-94.20869349782882,104.0
0.7582120526414229,1.3438067741108966,1.177123926944351,-67.44672978299025,104.1
0.7828962788919214,1.2156074521875802,1.1642776934250652,-40.80396727462765,104.2
0.8069617993241431,1.0907127984782354,1.1536657964380115,-14.123433594817282,104.3
0.8301176445361435,0.9691573398226649,1.1464254242313294,12.590217369450642,104.4
0.8512594609082024,0.8506110851256474,1.1482783716451679,39.484086155101416,105.3
0.8711523675532954,0.7327338745233152,1.1509454103015482,66.39910618396166,105.4
0.8896665554977904,0.615654160603901,1.154682488704999,93.29609828305422,105.5
0.8864462006352559,0.6243847380634033,1.1702779577290872,93.53631490581333,105.6
0.882967251418085,0.6338201314987585,1.1884127573880456,93.89838874886368,105.7
0.8790771505044139,0.6430904299222124,1.205610612269028,94.31394435575137,105.8
0.8746911688363163,0.6513787813797371,1.2210296161711263,94.7602711971159,105.9
0.8698386254633549,0.6577577459197502,1.235615942627055,95.24097648887009,106.0
0.8645478104558544,0.6619181329685477,1.2494990400768418,95.76225661727145,106.1
0.8587287655817152,0.6640068988569923,1.261803070205341,96.2921790053401,106.2
0.8533492964803623,0.6644825435471496,1.2668302771106097,96.72155929201205,106.3
0.847700862490119,0.6656793240910474,1.2723242663014154,97.20478849593555,106.4
0.8417853984326449,0.6674787092573927,1.2776968200076921,97.79311668367745,106.5
0.835912964030203,0.6699189535274634,1.2825624304923229,98.40192344081915,106.6
0.8302267454157816,0.6729955891468373,1.2860259120693789,98.98582763338861,106.7
0.8247906444733873,0.676856335312916,1.2881237186510102,99.58099795874469,106.8
0.81982804466847,0.6814790764215661,1.2893927800328264,100.14980969798481,106.9
0.8153333817482953,0.6867734650597701,1.2895190010376387,100.70708415748241,107.0
0.8113146197251373,0.692640499108176,1.2886436953263087,101.25353232719972,107.1
0.8077155849159716,0.6990568615247448,1.2874026460326693,101.81270434468207,107.2
0.8046364666506813,0.7055427333212352,1.284388711820041,102.29717960863628,107.3
0.8018393295547208,0.712035231919755,1.280304852235678,102.76317776050526,107.4
0.7993544690720857,0.7182999267764847,1.2752956649481082,103.17877289461126,107.5
0.796726910237439,0.724398378431807,1.2702528567540912,103.60756234150222,107.6
0.7940392664970556,0.7301054070586088,1.2652857734908234,103.98039495385053,107.7
0.7910732421966908,0.7353480143174219,1.2606169178087794,104.29170295463136,107.8
0.7876031725089192,0.7400656389029158,1.2560936403919396,104.55591071217216,107.9
0.7835643856269517,0.7441731744102196,1.251473411125667,104.72273917545438,108.0
0.7787186488507111,0.7478293158285186,1.247538230368583,104.81634295141859,108.1
0.7731037152284121,0.7507748231537738,1.243152566733254,104.77569564384473,108.2
0.7665491414970603,0.753340126947034,1.239798546045909,104.65460419321275,108.3
0.7591281002840208,0.7555048205855728,1.237285320271281,104.41798245439902,108.4
0.7507181644140515,0.7573740016052863,1.2358870905183175,104.07562786444132,108.5
0.7416670784251306,0.758768487996175,1.2347511516402343,103.56308061379221,108.6
0.731911670260205,0.7597116736829609,1.2336452512252136,102.9175205330819,108.7
0.7217069270242935,0.7601926538005579,1.232494919144599,102.14608035300799,108.8
0.7111858542117704,0.7603197560563936,1.2317829642111031,101.25978343837455,108.9
0.7006275378467429,0.7600241522937196,1.2310007699839463,100.26051700976811,109.0
0.6903204551743661,0.7589088388512713,1.2300912085759244,99.12119619312175,109.1
0.6804019991037902,0.7564063419263618,1.2301757278301115,97.85320704317844,109.2
0.6708518593200157,0.7517721869423969,1.2317897995655347,96.46551040991274,109.3
0.6613528782672321,0.7449944206585848,1.2350855952486728,95.02819267209435,109.4
0.6519756545540034,0.736991350950047,1.2394396646352634,93.56167681393201,109.5
0.6428170618114961,0.7281471673522711,1.2439613756206005,92.08607452368635,109.6
0.6338197448404533,0.718674257175936,1.2492678188048882,90.63383168660268,109.7
0.6250361571093375,0.7087731291381998,1.2551431802852626,89.22579364690219,109.8
0.6165232564739997,0.698583090354469,1.261510292794224,87.883186285288,109.9
0.6082618926658986,0.688452314368188,1.2689560500656438,86.64593842945632,110.0
0.6003957358858915,0.6789209515063136,1.2769393672394116,85.53824591202337,110.1
0.592982748773036,0.6709625273998276,1.2849735812328675,84.59542032527632,110.2
0.5863719582750141,0.6655813488109019,1.2924891127520521,83.8050629710008,110.3
0.5810822804031235,0.6629469909849062,1.2992694934305504,83.12214259813462,110.4
0.5772738348823889,0.6623707477642287,1.3061090540951776,82.522558256613,110.5
0.5749620475387531,0.663595737685825,1.3138242136186236,82.00791641929455,110.6
0.5743079906352735,0.6665036960420003,1.3218132821448385,81.55846473941025,110.7
0.5751535930032975,0.6709429379778274,1.3304236053384302,81.17330078526808,110.8
0.5774564201712782,0.6767160169970305,1.3394186613953014,80.8294324438328,110.9
0.5809821072560376,0.6835776865141806,1.3488850161319037,80.51890411035762,111.0
0.5855158346702516,0.691211688111452,1.3587684735880985,80.21294513980816,111.1
0.5908131895641928,0.6993267892492547,1.3688158747322965,79.89671531771408,111.2
0.5965025360518449,0.7075875424828192,1.3791001027555911,79.57649947467988,111.3
0.6022985066021656,0.715768772622862,1.3896543886250696,79.24365155591659,111.4
0.6079363849986044,0.7236692467870723,1.4005912213754779,78.90003590778232,111.5
0.613096132464876,0.7310608179505453,1.4119519229891742,78.55768188386169,111.6
0.6175362340905862,0.7378207519460507,1.424010455701531,78.21570408591141,111.7
0.6211195637231055,0.7438897210103776,1.436906860052978,77.87441349179798,111.8
0.6236929552120583,0.749131748085724,1.4503864691801505,77.52148104516694,111.9
0.6251171026542074,0.7535173678443502,1.4646934686379374,77.12220909420822,112.0
0.6251609880553688,0.757115419450245,1.4797176194502377,76.69252553070957,112.1
0.6236246248505573,0.7601475865518439,1.495581582040441,76.2380380498789,112.2
0.6203745652087667,0.7628237856292669,1.5120286525627198,75.7875844553598,112.3
0.6154708363071879,0.7654675222249692,1.5291605234660601,75.33500364911006,112.4
0.609020203884054,0.7680748781045112,1.5465027911639584,74.93484513563457,112.5
0.6013666967092123,0.7707065660934912,1.563695531697724,74.60226137342475,112.6
0.592711666901056,0.7733599686593662,1.5812875157585966,74.31999204331323,112.7
0.5834501231901701,0.7758695052206459,1.5981066258054288,74.0232327621658,112.8
0.5735148801947811,0.7785419774510537,1.6153134172001036,73.73939757779894,112.9
0.5630182932838617,0.7816034718197619,1.6328105883019912,73.50635614408979,113.0
0.5524520823152776,0.7849988643137122,1.6495041086339342,73.32633099044459,113.1
0.5421281604294641,0.7886637594581786,1.6656387008980402,73.19466071423275,113.2
0.5321435230610856,0.7923842853236053,1.681687199120408,73.1009503036772,113.3
0.5226984621488955,0.7960501659945691,1.6973498062460788,73.03018510103854,113.4
0.5138734933905086,0.8003576942809175,1.711627507094688,73.00098311395635,113.5
0.5060521817632935,0.8070492939460483,1.7248701736214613,72.95761869141246,113.6
0.49943443464133763,0.8175861953757042,1.731702724054386,72.83835996223146,113.7
0.49321502498559244,0.8299264505982931,1.7385711478228931,72.82192790382527,113.8
0.4871935187591069,0.8427730164049393,1.7435534153918844,72.95826640936585,113.9
0.48186445689456586,0.8556604874299458,1.7471233205432983,73.18538257377449,114.0
0.47693527736872043,0.8682803037063753,1.7506449297364743,73.46497102479239,114.1
0.4729982726766508,0.8809595227350424,1.754378000086568,73.69611983144327,114.2
0.47009842678589814,0.8924858183419703,1.7574692084563892,73.96691261577514,114.3
0.47025681895982874,0.9009191097380784,1.7592299354856453,74.61141418012679,114.4
0.4697412448167391,0.908295934927598,1.7613082947757408,74.9325056969944,114.5
0.47140562847682055,0.911846758774816,1.7640897564368718,75.14542470467548,114.6
0.4729229637582203,0.9090506558627158,1.7711672572485206,75.58159362452895,114.7
0.47617922572629545,0.9025183492490241,1.7768826740650023,76.02414882132078,114.8
0.4819886739585413,0.8938913208864548,1.7837265476207445,76.37909930900382,114.9
0.48974103434138067,0.8832789389610864,1.7893896967420055,76.71461002130306,115.0
0.5006503222815812,0.8687900792661114,1.8040003734392118,77.30751882334889,115.1
0.5148077971690646,0.8534665578035943,1.8187051532881526,77.75820919603352,115.2
0.5299504302814777,0.8369036881285516,1.832925198482911,78.44064429091303,115.3
0.5450899259536035,0.8208515756821534,1.8487600593566014,78.78153204850364,115.4
0.5649538789666947,0.8033876624144259,1.8639690263062967,79.22080538542328,115.5
0.5855759722789667,0.7873717138284084,1.8778966984658425,79.77193137788836,115.6
0.6092008814821533,0.7744292034249275,1.8910289964536222,80.17543194856282,115.7
0.6329584116883502,0.7641230233491836,1.9030920471493455,80.84854078852604,115.8
0.6574596500063152,0.7579853256976566,1.9011446848746059,81.23001294437628,115.9
0.6824214378751003,0.7541111481671611,1.8984828289476539,81.78474809735413,116.0
0.7073324723224121,0.7545987978218889,1.8852665972846576,82.08333631016518,116.1
0.7313876698889532,0.7557277315277902,1.8697274688002754,82.59514281544277,116.2
0.7579982957131618,0.758355944277149,1.8518289539334951,82.56298743217766,116.3
0.7837655192379785,0.7638597247198251,1.8316131331285757,82.67554074610138,116.4
0.8085833008182434,0.7704344192681617,1.8094588756355374,82.88260295399348,116.5
0.8320663940305849,0.7793091891833244,1.7769057183514607,82.99138468207745,116.6
0.854673279124912,0.7869558895235008,1.7425368440393076,82.9657641302316,116.7
0.8921865707393654,0.7792068027117318,1.7531622851884578,81.75035722009525,117.1
0.9291406218091781,0.765963689482987,1.7786363085766805,80.62054212473558,117.2
0.9662449699086946,0.7489129051838147,1.8055187546680933,79.11022102089287,117.3
1.002672763230945,0.7279741016141037,1.8326870409030078,77.40532258480349,117.4
1.0382216801897828,0.7031450528556515,1.8600824315695674,75.56850945713718,117.5
1.0716052122799722,0.6753303937067517,1.8883311825785611,73.88426867288388,117.6
1.1047505791702998,0.6433004675330378,1.915737201249969,71.93924842515412,117.7
1.1363861066281995,0.6082203770507748,1.9435390788214122,70.01072135948785,117.8
1.1672661096447257,0.5675619324521184,1.9799193643855815,68.08673593693507,117.9
1.1965093984170798,0.5246491648350035,2.0169519066148256,66.26274690867598,118.0
1.20947348070211,0.49409357858046593,2.0084578991103506,65.32058985487652,118.1
1.22031072490612,0.4642704168623678,1.9965363027779754,64.58983838510176,118.2
1.2288856163035653,0.435942815331981,1.9821962197428231,64.0445313276972,118.3
1.2353276948832754,0.4095965350655014,1.9671542924009604,63.695400401828465,118.4
1.2399725336739298,0.3859987622533173,1.9517143445160943,63.48983326402131,118.5
1.2432816165942115,0.3655260131870874,1.9357635221278777,63.417431934182446,118.6
1.2457721723108275,0.34813001086481077,1.9204353403949994,63.4853719950518,118.7
1.2479615071384995,0.33375655722427694,1.9065617791542018,63.67862150248463,118.8
1.2501464662124473,0.32236236978934774,1.8946737506449502,63.96133924723391,118.9
1.2529118644060957,0.3135381067604949,1.885067637413724,64.32808741580548,119.0
1.2566593281598197,0.30672124823269303,1.877311460684124,64.70323326038366,119.1
1.2614173690736077,0.30081784092523545,1.869929157209705,65.02882617678955,119.2
1.2670700909932753,0.2940489068753352,1.8632406421215584,65.32844327332674,119.3
1.2740811953268527,0.2860545005267795,1.8559450916484816,65.58520849135547,119.4
1.2833335126882983,0.27714523137528835,1.8493660560751135,65.88441904817351,119.5
1.2949419985350572,0.2673867278852081,1.8438387694886647,66.22282709294491,119.6
1.3088070305896413,0.25657779477889525,1.8396715867565827,66.56757285681829,119.7
1.324744512488428,0.2450594449517817,1.8355350735520954,66.89661535844155,119.8
1.342917913296163,0.23349185292685712,1.8336209929741674,67.28436534750202,119.9
1.363180639521636,0.22403840762518773,1.834265573479136,67.69959771784059,120.0
1.384847557910526,0.21814135209410215,1.8379573806764107,68.12437866516555,120.1
1.4073063940328907,0.21672209543486803,1.8459570993374452,68.6093724832256,120.2
1.4296101427911634,0.22089371403747235,1.8585655678020778,69.13924390197633,120.3
1.4506122271063486,0.23061023356948068,1.8749995857118265,69.734355511375,120.4
1.4685814594335538,0.24482637582804406,1.89404107921413,70.26623295186167,120.5
1.482927214642237,0.2628003901204683,1.9148099662804057,70.76512708358304,120.6
1.493472913894538,0.28432575631380497,1.935364632347246,71.2702942458231,120.7
1.50016818392842,0.3083588520217384,1.9566967826979755,71.82310260231682,120.8
1.5027035923935592,0.33347033619195304,1.9760690201932785,72.38872085173917,120.9
1.5010777785187037,0.35703143301048695,1.992590953363249,72.98465006876627,121.0
1.4963397509067442,0.37723464914963234,2.0065139501335003,73.6562738338098,121.1
1.4898158965044943,0.3936322823279781,2.0165276011864393,74.39579715775396,121.2
1.4828082730765504,0.40588772489757785,2.0230775903006966,75.22516325838042,121.3
1.4764947443437217,0.4128241814779151,2.0258160517901143,76.11801968126191,121.4
1.472528233775894,0.4147321431368405,2.0255718966141667,77.1508851335409,121.5
1.4721509736506595,0.4137224516318794,2.0245288504921435,78.32878300709797,121.6
1.4760266596689462,0.41088112636383667,2.024216484710893,79.5903472601641,121.7
1.4845022175790292,0.4066936002529438,2.0223485613469867,80.86759610718879,121.8
1.4978936157979463,0.40102295102539864,2.019867585945139,82.14097843715902,121.9
1.51620366588176,0.39324452502072255,2.0158251834423653,83.35430039051535,122.0
1.5393810188843735,0.38413004245241933,2.0089632691981847,84.50569673051457,122.1
1.5670386918802492,0.37586315558899497,2.00088643876016,85.54009813418902,122.2
1.5988843127420271,0.369666460308272,1.9924547603729916,86.40927931459751,122.3
1.638098555030703,0.36422947710540593,1.998701052510895,87.45227845614345,122.4
1.6792697202406301,0.3616419755555119,2.0069643386459552,88.26636018147522,122.5
1.72140087992084,0.35997869779662217,2.013462598970434,88.86974304743626,122.6
1.76352592900395,0.3580910601977122,2.022311962367908,89.26331669282742,122.7
1.8066698906149636,0.35342616440640306,2.042075632371436,89.74288329063805,122.8
1.8478099764842475,0.3490564559546644,2.061984536957564,89.97805957414931,122.9
1.8865081820283465,0.34538064681136926,2.0827559270742286,90.07109597342442,123.0
1.9218048769023124,0.34232508455881905,2.1045656754668194,89.95655564959175,123.1
1.9514323182884894,0.34092793149667294,2.1253640429044998,89.13882475990064,123.2
1.9764829150194667,0.33718066563261206,2.1454884575107536,88.24734436258487,123.3
1.995146025318051,0.3279911388625175,2.1522279161589326,87.61588910646978,123.4
2.010279575412542,0.31261234207508914,2.152924079915096,87.04988120978493,123.5
2.019527866915362,0.29037016945868677,2.158445918061738,86.32383375807015,123.6
2.022559375163185,0.2702310953819596,2.1456620240687383,84.85007436358964,123.7
2.0202016558470466,0.24941203984005886,2.119805512182283,83.04932254018262,123.8
2.0150282061300624,0.22657233229290946,2.088900742520473,81.19296253997587,123.9
2.0083644720855416,0.20460620497745272,2.0587582752494145,79.4133780471722,124.0
2.0008223832836216,0.18338425739239433,2.029918530576217,77.78028396704235,124.1
1.9945815589214306,0.16001739493186878,2.003951159937503,76.85046930202591,124.2
1.987121253864397,0.13702923814469087,1.975203835999269,75.84373741576681,124.3
1.977596662455916,0.12268132877997592,1.9504802464611177,74.43410661682795,124.4
1.9673453275833481,0.11611756211516053,1.932254524187742,73.20755858913648,124.5
1.958127934414971,0.11849544656466823,1.9123185903725886,72.31610071419492,124.6
1.9510702083467173,0.1207600365628064,1.9091575819634685,72.43228473771927,124.7
1.9437222564854721,0.1285896662547535,1.9116261221953077,72.8225084806769,124.8
1.9355248961423541,0.14115034127648812,1.916127399681033,73.57024826296539,124.9
1.9265717447130508,0.15599325509288298,1.9217218216340803,74.37135005986406,125.0
1.9190718131735853,0.17314507848688698,1.9326490859274117,75.25174696331862,125.1
1.9119409713058726,0.19108342342314916,1.9434156552557773,76.15556000450407,125.2
1.905666875126942,0.2082718044886546,1.9532822957592741,77.2902878622973,125.3
1.9020677720414039,0.22226389081931197,1.960312173093619,78.31963621486155,125.4
1.9027899831063544,0.23312251373675133,1.9690689921485138,79.12010795902154,125.5
1.9080576153354556,0.24061955877496963,1.9765591091637618,79.78919512116896,125.6
1.9175678528264783,0.24481137140513506,1.9836711644758296,80.2786270980001,125.7
1.9316178001357407,0.24575854314556506,1.9883983108014924,80.59528522273855,125.8
1.95078476321845,0.24280976450564218,1.9979225812875874,80.76336189827693,125.9
1.9734054073909424,0.2368996310079372,2.0067607101261244,80.83721029293501,126.0
1.996875649159178,0.2280524374265338,2.011198534173731,80.82294361076063,126.1
2.0215090140515937,0.2180285173942651,2.016917887220616,80.75753976103435,126.2
2.04752245394821,0.20961346887268598,2.0283309576114528,80.6100244302009,126.3
2.0712745093346365,0.20291271658786753,2.0400006841562015,80.36676863616489,126.4
2.090788542729176,0.19750649799044395,2.0496531199828834,80.14820346070452,126.5
2.105878058098245,0.1935029188504606,2.0598295349949836,79.88111382609813,126.6
2.116257385733977,0.19247043426552685,2.0707844494131717,79.58917964398078,126.7
2.1217990811516048,0.1961039935840034,2.0850601205881416,79.32097595447394,126.8
2.1225171699821277,0.20529952064649404,2.102020252028112,79.08969328946218,126.9
2.118530580525739,0.21940931383785553,2.1210098668943465,78.88168871449287,127.0
2.1108661409263876,0.2358502186460955,2.1406703114205263,78.92613665981443,127.1
2.0988632823285043,0.2558646989642927,2.1610307144505625,78.79634465358677,127.2
2.0842484674355894,0.2772579102490704,2.1804989365112575,78.77173017747872,127.3
2.0682214660291764,0.2992005717425569,2.1985042011483245,78.87697650507945,127.4
2.051195736129482,0.31958785855120386,2.2101791095479215,79.1796032557084,127.5
2.036010383095496,0.3368086118263376,2.22435572566425,79.65145607195453,127.6
2.021891209276022,0.3495392726891948,2.23362252447202,79.94936125082091,127.7
2.0100795723551896,0.3541680501618155,2.237929306755524,80.23899897971559,127.8
2.0021026266677246,0.35212553236448085,2.2377587975062903,80.51589306230139,127.9
1.999197145188112,0.34561098992653544,2.2374569941711853,80.8617425165063,128.0
2.0012631179221247,0.3382256447439925,2.237083709724165,80.99241258505832,128.1
2.0114735150084906,0.3266246506976486,2.237213633588804,81.7319168461971,128.2
2.0270842010137646,0.3143141466217423,2.2382195475642543,82.36490933002004,128.3
2.0479594120685887,0.30136499576026027,2.240965906940127,82.96151836510671,128.4
2.072651617270865,0.29055768492203266,2.2497627175506607,83.07302787777002,128.5
2.101770481605761,0.2818656150415126,2.2551666662668226,83.43050688383735,128.6
2.134612865781931,0.27624796439628024,2.263834170583463,84.00511026138092,128.7
2.168520720627758,0.275518692043211,2.2745470830445664,84.31296615991593,128.8
2.2044682954431165,0.27753994991652514,2.285160866823264,84.92263735619697,128.9
2.239795492179727,0.28019529978188434,2.2935702965936926,85.44086321682903,129.0
2.2740834453186554,0.28250503349814077,2.300227757700124,85.96883854270905,129.1
2.3051825017043996,0.28456280074400575,2.3028792338633606,86.09263575747795,129.2
2.334892221868329,0.2845565375169659,2.303141776498234,86.28828862033166,129.3
2.3618717418256443,0.28432266347468876,2.3025776749646703,86.16192323255312,129.4
2.389082783717078,0.2846416973439452,2.300202657596773,86.37939908666627,129.5
2.4136787385125777,0.2865499858592035,2.29744887703366,86.27036570908645,129.6
2.437101908420659,0.28880160835364366,2.2942868769329734,86.12331764099129,129.7
2.460774861570921,0.29119784516357006,2.2898792148605485,86.28045002184805,129.8
2.4827833662876593,0.29452657845539254,2.2844306791044726,86.31113798455974,129.9
2.5040743098070046,0.2972280305124717,2.2799020609571565,86.3043709056502,130.0
2.5245393700683243,0.3000857054626157,2.273204624576657,86.33309988112589,130.1
2.544384548257251,0.3044011881228238,2.2665547271531774,86.3824216528603,130.2
2.563367184945226,0.3103763349456121,2.2594201874551,86.43106310503381,130.3
2.582212135309112,0.3157092111886796,2.25089082805058,86.65179581057767,130.4
2.6001331311842795,0.3185229381074937,2.2440958168485574,86.80937803803998,130.5
2.6167257399471455,0.31800589028534443,2.236173821690986,86.91126623688987,130.6
2.6322631041320714,0.3129108707556904,2.2270480225340643,87.00574486873009,130.7
2.646429286933714,0.303322935421167,2.2141803922093377,87.07826692793557,130.8
2.660423281103035,0.2928290157523426,2.19578451825436,87.32484659103721,130.9
2.6729832006007674,0.2765957801313959,2.18118522402855,87.23319253364158,131.0
2.6857613575354007,0.26016261434594723,2.1662011522497444,87.27770884968139,131.1
2.699027849570526,0.24313375790570485,2.160279767215374,87.32603876689188,131.6
2.7056019021372024,0.22495020901320156,2.146659256322714,86.92629075041627,131.7
2.7098953178893015,0.20585455986620724,2.1410034000006304,86.47681336711237,131.8
2.7111546977086682,0.1888071758879381,2.137701636387647,86.06773819452827,131.9
2.709105516427167,0.17851075388146126,2.133718516519386,85.7859267904191,132.0
2.704405439016127,0.17676265803159663,2.1345276061909244,85.61366283487772,132.1
2.698206103026493,0.18410242107091554,2.143903121480318,85.69293971253178,132.2
2.6878199136753933,0.19380384017097835,2.1633573762279847,85.32531421465497,132.3
2.677125545001802,0.213039796245097,2.1810758861914845,85.52871325759676,132.4
2.6648494157813967,0.23366208311669318,2.204925750286768,85.4616953000428,132.5
2.6518147297795993,0.2573874665596938,2.2199425711818543,85.53763646727283,132.6
2.645880310355976,0.2830717673981086,2.245836606403742,86.00722792319,132.7
2.6434248991661016,0.31179400765378135,2.2641682282756914,86.71225248439839,132.8
2.6446923055958584,0.34038412743545565,2.276933797403498,87.47735637463049,132.9
2.6504165717942003,0.3653739832818598,2.289429079782901,88.2475999626409,133.0
2.659284971886292,0.3864148810738854,2.294103671375548,89.00516104217228,133.1
2.670907132398436,0.40237642479560753,2.2942159052626416,89.55697166716494,133.2
2.685276074794996,0.41547809450357176,2.288491800843881,90.21288827808323,133.3
2.701078313850278,0.42307612022182567,2.28288918973428,90.65051424344023,133.4
2.715982192906447,0.42429528945454137,2.272802657851971,91.07713266948872,133.5
2.727308032896206,0.4184746904321045,2.2594579141248103,91.37155692026462,133.6
2.735013112313882,0.40662635615301645,2.25110458792929,91.56555570409995,133.7
2.7373235646643415,0.39220607218668374,2.2408194859527053,91.85134315597506,133.8
2.7329188476001898,0.3733397760103726,2.236818701712595,91.85216713338671,133.9
2.7220636556684594,0.35400733862635325,2.2383353578861103,91.75409761274412,134.0
2.7064166142652217,0.33810277413588313,2.2431687422682662,91.91424340945687,134.1
2.6852804411515008,0.324066127212098,2.253891959958473,91.92749636075591,134.2
2.659805980553851,0.31151598476274533,2.2713759591993514,91.67507831486203,134.3
2.6308598865753803,0.3029211949706262,2.288089699756947,91.5271705079588,134.4
2.6002658358305837,0.3005659349070232,2.305541730961382,91.3357903033013,134.5
2.570718703551071,0.3043010814872811,2.328670792789116,91.10726598666415,134.6
2.542152585136305,0.3145072730804136,2.3460102107290943,91.0029922592541,134.7
2.5163399211013275,0.32720833982470954,2.366927912052175,90.71421805187374,134.8
2.49486112109203,0.34401151514618555,2.383147955716692,90.60932803201163,134.9
2.477583042427029,0.35915427816994516,2.39587106843396,90.47722301121199,135.0
2.4632421115768617,0.3668161075174308,2.407738098301741,89.93354432201791,135.1
2.452113176548564,0.3683199264706543,2.41181884835694,89.47753656477553,135.2
2.4440020291323115,0.3655202445098178,2.411019396664429,89.22848899211525,135.3
2.4385984251147272,0.3591967414604961,2.4069131585554673,89.20085530464705,135.4
2.4347258847192963,0.3491531749784954,2.4036716022390223,89.2298538121699,135.5
2.4302528547501216,0.33547460956567987,2.39873319949897,88.95903023269128,135.6
2.426192493757471,0.3191145805286651,2.393293122751389,88.6492387740594,135.7
2.4223017594594958,0.3006544565886461,2.387652067103455,88.28485415485815,135.8
2.418527078891514,0.28138100552892054,2.3822914875963606,87.90626446059505,135.9
2.414819317827532,0.2632463509479283,2.3783419620403516,87.46524594986855,136.0
2.4111040769401493,0.24884475398852784,2.3771753394088546,86.97347326599626,136.1
2.407331764684787,0.23933237510956099,2.3802002983562844,86.39008228211529,136.2
2.403628876953234,0.23387677464004591,2.3864682742666594,85.76270570027114,136.3
2.3985887198551836,0.23145014754783197,2.395643760207112,84.76039447629024,136.4
2.3938127452138294,0.23369348943727317,2.407729363970767,83.77305145684069,136.5
2.3910416540460107,0.24251200576459597,2.424165541052384,83.10803143008373,136.6
2.3893056594969435,0.2579326405084669,2.4440645193558543,82.51767978397497,136.7
2.388662392920468,0.27877706189874485,2.46577160400685,82.01549020447845,136.8
2.3890622213241195,0.30313446776979824,2.488400072108726,81.62909244186953,136.9
2.39041661934195,0.3296100238627901,2.510578376150666,81.42322821677548,137.0
2.392937309457793,0.3571366588040406,2.5320238329816553,81.44868951227045,137.1
2.396588447438509,0.38469828431019754,2.5515096625011155,81.70691732038021,137.2
2.4013983737999727,0.411097665168803,2.569061062400146,82.07473538746275,137.3
2.4076531684617555,0.4355191267461043,2.584773744407784,82.62897079363651,137.4
2.4149530027679096,0.4564621920263382,2.5970419169462327,83.32210063899394,137.5
2.4227102646537326,0.47163965970311644,2.606529875144483,84.04540730427703,137.6
2.430382285218801,0.48024711413421917,2.613291123202199,84.80540402557556,137.7
2.4375779348023245,0.48312118735076376,2.6168776783249865,85.60989549058151,137.8
2.444034691451009,0.48164608938425485,2.621143927432059,86.45284076152652,137.9
2.4491730195809582,0.476803183116726,2.6228896822627408,87.25186127319166,138.0
2.452898997047811,0.46921113881623544,2.6250609996200445,88.01058669668899,138.1
2.4552037858396485,0.45979252702288526,2.6278081161900215,88.7311008780126,138.2
2.4558617856768374,0.4497040072335293,2.630214566189457,89.48443073787995,138.3
2.4548615683629342,0.4399270102800147,2.632217802427933,90.20967770803878,138.4
2.452173602997904,0.4312049788382152,2.6349001278930553,90.8751166106626,138.5
2.4479941978773043,0.4240526689677068,2.637754884342239,91.55050281264535,138.6
2.4423845151098496,0.41862456690006244,2.64001400360985,92.1526151498426,138.7
2.4358165655791346,0.4148014579871533,2.64344774402704,92.68665684070297,138.8
2.4286012883446477,0.4127209024269309,2.6444363606160985,93.14598345770895,138.9
2.4213667303809503,0.41275302313992646,2.647082693339787,93.53438247600373,139.0
2.4144557542845524,0.4152886328396058,2.649822806650054,93.87529958280678,139.1
2.408029947334909,0.42038344765372465,2.6516394062433,94.16538589189199,139.2
2.4022079738385096,0.4278703766869539,2.6536353591046553,94.40162992258699,139.3
2.3969735094896736,0.43772388185677,2.6556711717758734,94.59663463892505,139.4
2.3923756961020124,0.4501293760454537,2.65659450890754,94.77216656319436,139.5
2.3863454001867326,0.46952738764003,2.6323523567204896,94.76214307178036,139.6
2.389139884475656,0.4921491094326854,2.6105512952639804,95.54207979550378,139.7
2.3834611756086064,0.5169384206461521,2.589407718477089,95.61735293829304,139.8
2.377336386387004,0.5440206783142584,2.5710324023682327,95.71445594508894,139.9
2.370727909692582,0.5729157816252078,2.5531621260741764,95.82663308973682,140.0
2.3632479173945713,0.6030252185512508,2.534495312252106,95.93713275479881,140.1
2.3551650512672397,0.633549641956763,2.516991863682487,96.0420952442586,140.2
2.346403032715455,0.6640626518585275,2.4986044506820795,96.1581229720751,140.3
2.3372183410438825,0.6936661911661213,2.4809962357808617,96.3074584831599,140.4
2.3276508019073114,0.7216371133062149,2.463931491593468,96.47711978305087,140.5
2.3194869507755036,0.742877245471524,2.470537219262843,96.78310968195292,140.6
2.3024528778021476,0.7607906306953522,2.474449912783379,96.24704664931592,140.7
2.293318040947111,0.7763912303279271,2.4765957079927663,96.38536413928281,140.8
2.2835362368479943,0.7892721381932604,2.4767515584848345,96.5038592707024,140.9
2.273335918578627,0.7994801327252374,2.4767832623470327,96.65755368056243,141.0
2.263078161815986,0.8075939657020879,2.47511493286544,96.8155741505487,141.1
2.256351415692163,0.8129794377905093,2.4717268796978793,97.39240249517623,141.2
2.2470594239557067,0.817355670232365,2.4687368105452703,97.58638806632412,141.3
2.2389102087580577,0.8205573351874452,2.4639974636479276,97.77761776530252,141.4
2.2323714325879527,0.8226553734925688,2.459249661000454,98.0071063167568,141.5
2.2312003540146557,0.8237759298261083,2.4535412897686846,98.67584804353177,141.6
2.2289739187349524,0.825457647319794,2.4482539852337597,99.04127258615756,141.7
2.22937760471622,0.8275856674472033,2.442116537592869,99.47820371601829,141.8
2.2329620153461556,0.8303979451599993,2.4356787374574993,99.96100320544824,141.9
2.239309034506068,0.834367766597311,2.4282235697737766,100.486772834868,142.0
2.247901971956113,0.8393532864216608,2.4223595244067058,101.06441416037384,142.1
2.2541968804290913,0.8467523836673232,2.4166536152113998,101.27282995575378,142.2
2.2636944701105683,0.8552214971441643,2.4104569246097673,101.9168156279618,142.3
2.271752523359011,0.8648726927360497,2.4058455198727122,102.63082187310434,142.4
2.2778964366697676,0.8762049648561444,2.4007089051819928,103.34953485112949,142.5
2.278764670798737,0.8895871423713956,2.395451412571905,103.68079398346615,142.6
2.2811082109188208,0.9036791509944816,2.3894899645321823,104.4354198694657,142.7
